TEAM_ID,MISSION_TIME,PACKET_COUNT,MODE,STATE,ALTITUDE,TEMPERATURE,PRESSURE,VOLTAGE,CURRENT,GYRO_R,GYRO_P,GYRO_Y,ACCEL_R,ACCEL_P,ACCEL_Y,HEADING,GPS_TIME,GPS_ALTITUDE,GPS_LATITUDE,GPS_LONGITUDE,GPS_SATS,CMD_ECHO,MAX_ALTITUDE,CONTAINER_RELEASED,PAYLOAD_RELEASED,PARAGLIDER_ACTIVE,TARGET_LATITUDE,TARGET_LONGITUDE,CAM_DIRECTION
1,1083,00:00:01,F,LAUNCH_PAD,0.7,24.4,101.1,4.0,0.1,-1.7,0.6,0.2,-9.5,0.0,0.4,358.9,23:59:48,0.000000,0.000000,0.000000,0,N/A,0.7,FALSE,FALSE,FALSE,0.0,0.0,0.0
2,1083,00:00:02,F,LAUNCH_PAD,-0.1,24.4,101.1,4.0,0.1,-1.8,-0.4,-1.8,-9.4,0.0,0.4,357.4,23:59:49,0.000000,0.000000,0.000000,0,N/A,0.7,FALSE,FALSE,FALSE,0.0,0.0,0.0
3,1083,00:00:03,F,LAUNCH_PAD,0.2,24.4,101.1,4.0,0.1,-0.5,0.2,0.6,-9.5,0.0,0.4,356.8,23:59:50,0.000000,0.000000,0.000000,0,N/A,0.7,FALSE,FALSE,FALSE,0.0,0.0,0.0
4,1083,00:00:04,F,LAUNCH_PAD,-0.3,24.5,101.2,4.0,0.1,-0.1,0.4,-0.2,-9.4,-0.2,0.2,355.5,23:59:51,0.000000,0.000000,0.000000,0,N/A,0.7,FALSE,FALSE,FALSE,0.0,0.0,0.0
5,1083,00:00:05,F,LAUNCH_PAD,-0.1,24.5,101.1,4.0,0.1,-0.3,0.4,2.1,-9.5,-0.6,0.1,355.5,23:59:52,0.000000,0.000000,0.000000,0,N/A,0.7,FALSE,FALSE,FALSE,0.0,0.0,0.0
6,1083,00:00:06,F,LAUNCH_PAD,0.3,24.5,101.1,4.0,0.1,-0.1,-0.4,0.5,-9.4,-0.2,0.7,355.5,23:59:53,0.000000,0.000000,0.000000,0,N/A,0.7,FALSE,FALSE,FALSE,0.0,0.0,0.0
7,1083,00:00:07,F,LAUNCH_PAD,-0.3,24.5,101.1,4.0,0.1,-0.7,-0.1,-0.2,-9.4,0.1,0.4,355.1,23:59:54,0.000000,0.000000,0.000000,0,N/A,0.7,FALSE,FALSE,FALSE,0.0,0.0,0.0
8,1083,00:00:09,F,LAUNCH_PAD,0.1,24.5,101.1,4.0,0.1,-0.2,0.4,0.2,-9.4,0.1,0.3,355.0,23:59:55,0.000000,0.000000,0.000000,0,MECCONTON,0.7,TRUE,FALSE,FALSE,0.0,0.0,0.0
9,1083,00:00:10,F,LAUNCH_PAD,0.1,24.6,101.1,3.9,0.1,-0.2,-0.5,0.8,-9.4,-0.2,0.4,354.6,23:59:57,0.000000,0.000000,0.000000,0,MECCONTON,0.7,TRUE,FALSE,FALSE,0.0,0.0,0.0
10,1083,00:00:11,F,LAUNCH_PAD,-0.0,24.6,101.1,3.9,0.1,-0.4,-0.4,4.4,-9.5,0.6,0.4,354.6,23:59:58,0.000000,0.000000,0.000000,0,MECCONTON,0.7,TRUE,FALSE,FALSE,0.0,0.0,0.0
11,1083,00:00:12,F,LAUNCH_PAD,0.5,24.7,101.1,4.0,0.0,-0.3,-0.6,1.0,-9.5,-0.1,0.4,353.3,23:59:59,0.000000,0.000000,0.000000,0,MECCONTON,0.7,TRUE,FALSE,FALSE,0.0,0.0,0.0
12,1083,00:00:13,F,LAUNCH_PAD,-0.1,24.7,101.1,3.9,0.4,-0.2,0.1,-0.2,-9.5,0.0,0.4,353.3,00:00:00,0.000000,0.000000,0.000000,0,MECCONTON,0.7,TRUE,FALSE,FALSE,0.0,0.0,0.0
13,1083,00:00:14,F,LAUNCH_PAD,0.0,24.7,101.1,3.9,0.4,-0.2,0.4,-0.3,-9.5,0.2,0.4,353.3,00:00:01,0.000000,0.000000,0.000000,0,MECCONTON,0.7,TRUE,FALSE,FALSE,0.0,0.0,0.0
14,1083,00:00:15,F,LAUNCH_PAD,0.2,24.7,101.1,3.9,0.4,0.2,-0.2,-0.2,-9.4,0.0,0.4,353.3,00:00:02,0.000000,0.000000,0.000000,0,MECCONTON,0.7,TRUE,FALSE,FALSE,0.0,0.0,0.0
15,1083,00:00:16,F,LAUNCH_PAD,0.1,24.7,101.1,4.0,0.0,-0.1,-0.2,0.1,-9.5,0.1,0.4,353.3,00:00:03,0.000000,0.000000,0.000000,0,MECCONTON,0.7,TRUE,FALSE,FALSE,0.0,0.0,0.0
16,1083,00:00:17,F,LAUNCH_PAD,1.1,24.8,101.1,3.9,0.1,-0.0,-0.1,0.2,-9.4,0.0,0.4,353.3,00:00:04,0.000000,0.000000,0.000000,0,MECCONTON,1.1,TRUE,FALSE,FALSE,0.0,0.0,0.0
17,1083,00:00:18,F,LAUNCH_PAD,0.7,24.8,101.1,3.9,0.1,-0.1,0.1,0.4,-9.5,0.2,0.4,353.3,00:00:05,0.000000,0.000000,0.000000,0,MECCONTON,1.1,TRUE,FALSE,FALSE,0.0,0.0,0.0
18,1083,00:00:19,F,LAUNCH_PAD,0.6,24.8,101.1,3.9,0.3,0.1,0.0,-0.1,-9.5,0.1,0.4,353.3,00:00:06,0.000000,0.000000,0.000000,0,MECCONTON,1.1,TRUE,FALSE,FALSE,0.0,0.0,0.0
19,1083,00:00:20,F,LAUNCH_PAD,0.7,24.8,101.1,4.0,0.0,-0.0,0.2,-0.1,-9.5,0.1,0.4,353.3,18:45:38,0.000000,0.000000,0.000000,0,MECCONTON,1.1,TRUE,FALSE,FALSE,0.0,0.0,0.0
20,1083,00:00:21,F,LAUNCH_PAD,1.0,24.9,101.1,3.9,0.2,0.1,-0.1,-0.1,-9.4,0.1,0.5,353.3,18:45:39,0.000000,0.000000,0.000000,0,MECCONTON,1.1,TRUE,FALSE,FALSE,0.0,0.0,0.0
21,1083,00:00:22,F,LAUNCH_PAD,0.7,24.9,101.1,3.9,0.2,0.2,-0.1,0.6,-9.5,0.0,0.4,352.2,18:45:04,0.000000,0.000000,0.000000,0,MECCONTON,1.2,TRUE,FALSE,FALSE,0.0,0.0,0.0
22,1083,00:00:23,F,LAUNCH_PAD,0.3,24.9,101.1,3.9,0.2,-0.3,0.0,0.6,-9.6,0.1,0.6,352.2,18:45:41,0.000000,0.000000,0.000000,0,MECCONTON,1.2,TRUE,FALSE,FALSE,0.0,0.0,0.0
23,1083,00:00:24,F,LAUNCH_PAD,0.5,24.9,101.1,4.0,0.0,0.4,0.2,-0.2,-9.4,0.1,0.3,352.2,18:45:41,0.000000,0.000000,0.000000,0,MECCONTON,1.2,TRUE,FALSE,FALSE,0.0,0.0,0.0
24,1083,00:00:25,F,LAUNCH_PAD,0.2,25.0,101.1,3.9,0.1,-0.0,0.0,0.2,-9.5,0.1,0.4,352.2,18:45:43,47.799999,33.385372,-117.495537,7,MECCONTON,1.2,TRUE,FALSE,FALSE,0.0,0.0,0.0
25,1083,00:00:26,F,LAUNCH_PAD,1.0,25.0,101.1,3.9,0.1,-0.0,-0.2,0.7,-9.5,0.2,0.5,348.3,18:45:44,48.000000,33.385376,-117.495514,7,MECCONTON,1.2,TRUE,FALSE,FALSE,0.0,0.0,0.0
26,1083,00:00:27,F,LAUNCH_PAD,-0.2,25.0,101.1,3.9,0.1,-11.6,-6.9,1.8,-8.8,-0.4,0.6,345.9,18:45:45,47.400002,33.385376,-117.495499,7,MECCONTON,1.2,TRUE,FALSE,FALSE,0.0,0.0,0.0
27,1083,00:00:28,F,LAUNCH_PAD,1.5,25.0,101.1,4.0,0.0,17.7,2.8,4.4,-9.1,-1.1,-0.3,347.8,18:45:46,48.700001,33.385376,-117.495506,7,DROP!!!,1.9,TRUE,FALSE,FALSE,0.0,0.0,0.0
28,1083,00:00:29,F,LAUNCH_PAD,0.2,25.1,101.1,3.9,0.3,-2.6,1.4,11.7,-8.1,-2.2,-0.1,346.3,18:45:47,48.900002,33.385376,-117.495506,7,DROP!!!,1.9,TRUE,FALSE,FALSE,0.0,0.0,0.0
29,1083,00:00:30,F,LAUNCH_PAD,0.3,25.1,101.1,3.9,0.3,-8.6,21.8,-0.4,-10.3,-1.4,0.1,344.7,18:45:48,48.599998,33.385376,-117.495506,6,DROP!!!,1.9,TRUE,FALSE,FALSE,0.0,0.0,0.0
30,1083,00:00:31,F,LAUNCH_PAD,0.3,25.1,101.1,3.9,0.2,-16.4,-9.1,-28.2,-0.3,-0.4,0.4,338.8,18:45:49,48.400002,33.385376,-117.495506,6,DROP!!!,1.9,TRUE,FALSE,FALSE,0.0,0.0,0.0
31,1083,00:00:32,F,LAUNCH_PAD,0.0,25.2,101.1,4.0,0.0,-14.7,20.2,-21.2,-12.2,-0.0,0.3,335.6,18:45:50,48.200001,33.385376,-117.495499,7,DROP!!!,1.9,TRUE,FALSE,FALSE,0.0,0.0,0.0
32,1083,00:00:33,F,LAUNCH_PAD,0.2,25.2,101.1,3.9,0.2,8.4,25.5,-34.4,-10.8,2.4,0.1,307.2,18:45:51,47.099998,33.385376,-117.495499,7,DROP!!!,1.9,TRUE,FALSE,FALSE,0.0,0.0,0.0
33,1083,00:00:34,F,LAUNCH_PAD,-0.2,25.2,101.1,3.9,0.1,-1.0,-2.9,3.1,-8.3,1.0,1.8,304.4,18:45:52,46.400002,33.385372,-117.495499,7,DROP!!!,1.9,TRUE,FALSE,FALSE,0.0,0.0,0.0
34,1083,00:00:35,F,LAUNCH_PAD,0.3,25.2,101.1,3.9,0.1,-16.6,1.8,11.4,-9.2,0.9,0.9,304.9,18:45:53,45.599998,33.385372,-117.495491,7,DROP!!!,1.9,TRUE,FALSE,FALSE,0.0,0.0,0.0
35,1083,00:00:36,F,LAUNCH_PAD,0.8,25.3,101.1,4.0,0.0,-5.2,8.8,-7.9,-9.0,0.5,1.5,296.2,18:45:54,45.000000,33.385372,-117.495491,7,DROP!!!,1.9,TRUE,FALSE,FALSE,0.0,0.0,0.0
36,1083,00:00:37,F,LAUNCH_PAD,0.2,25.3,101.1,4.0,0.0,15.6,-9.2,15.9,-9.3,-0.1,0.6,297.9,18:45:55,45.000000,33.385372,-117.495491,7,DROP!!!,1.9,TRUE,FALSE,FALSE,0.0,0.0,0.0
37,1083,00:00:38,F,LAUNCH_PAD,0.3,25.4,101.1,3.9,0.1,-12.6,-18.6,35.1,-8.9,0.4,1.1,297.8,18:45:56,44.900002,33.385372,-117.495491,7,DROP!!!,1.9,TRUE,FALSE,FALSE,0.0,0.0,0.0
38,1083,00:00:39,F,LAUNCH_PAD,0.1,25.4,101.1,3.9,0.1,11.6,-1.9,-20.4,-10.8,1.5,1.0,295.4,18:45:57,45.000000,33.385372,-117.495491,6,DROP!!!,1.9,TRUE,FALSE,FALSE,0.0,0.0,0.0
39,1083,00:00:40,F,LAUNCH_PAD,-0.0,25.4,101.1,4.0,0.0,-41.8,10.5,33.6,-0.1,0.1,0.8,289.0,18:45:58,44.599998,33.385372,-117.495491,7,DROP!!!,1.9,TRUE,FALSE,FALSE,0.0,0.0,0.0
40,1083,00:00:41,F,LAUNCH_PAD,-0.7,25.4,101.2,3.9,0.3,31.7,-20.8,-6.6,-8.3,0.4,2.3,292.8,18:45:59,44.599998,33.385372,-117.495491,7,DROP!!!,1.9,TRUE,FALSE,FALSE,0.0,0.0,0.0
41,1083,00:00:42,F,LAUNCH_PAD,0.7,25.5,101.1,3.9,0.1,61.6,-8.8,6.4,-9.4,0.7,2.2,338.2,18:46:00,44.500000,33.385372,-117.495491,7,DROP!!!,1.9,TRUE,FALSE,FALSE,0.0,0.0,0.0
42,1083,00:00:43,F,LAUNCH_PAD,-0.1,25.5,101.1,3.9,0.1,-6.2,2.7,-6.7,-9.6,0.6,-0.0,328.4,18:46:01,44.599998,33.385372,-117.495491,7,DROP!!!,1.9,TRUE,FALSE,FALSE,0.0,0.0,0.0
43,1083,00:00:44,F,LAUNCH_PAD,0.4,25.5,101.1,4.0,0.0,0.2,2.0,4.5,-9.6,0.2,1.1,314.5,18:46:02,44.599998,33.385372,-117.495499,7,DROP!!!,1.9,TRUE,FALSE,FALSE,0.0,0.0,0.0
44,1083,00:00:45,F,LAUNCH_PAD,1.2,25.6,101.1,3.9,0.1,-0.0,2.3,6.1,-9.5,0.7,0.8,316.4,18:46:03,44.700001,0.330000,-117.495499,7,DROP!!!,2.0,TRUE,FALSE,FALSE,0.0,0.0,0.0
45,1083,00:00:46,F,LAUNCH_PAD,-0.1,25.6,101.1,4.0,0.1,-0.9,-0.8,1.7,-9.4,-0.4,1.1,316.6,18:46:05,44.900002,33.385368,-117.495499,7,DROP!!!,2.0,TRUE,FALSE,FALSE,0.0,0.0,0.0
46,1083,00:00:47,F,LAUNCH_PAD,-0.0,25.6,101.1,4.0,0.1,0.1,-0.4,-2.3,-9.6,0.3,0.5,316.5,18:46:05,44.900002,33.385368,-117.495499,7,DROP!!!,2.0,TRUE,FALSE,FALSE,0.0,0.0,0.0
47,1083,00:00:48,F,LAUNCH_PAD,-0.2,25.6,101.1,4.0,0.0,1.2,0.2,2.0,-9.5,-0.1,0.9,316.7,18:46:07,44.799999,33.385365,-117.495499,7,DROP!!!,2.0,TRUE,FALSE,FALSE,0.0,0.0,0.0
48,1083,00:00:49,F,LAUNCH_PAD,0.3,25.6,101.1,3.9,0.2,-0.2,-0.2,-0.8,-9.5,0.2,1.0,316.7,18:46:08,44.799999,33.385365,-117.495499,7,DROP!!!,2.0,TRUE,FALSE,FALSE,0.0,0.0,0.0
49,1083,00:00:51,F,LAUNCH_PAD,-0.5,25.6,101.1,3.9,0.4,-2.8,-1.5,0.6,-9.5,0.2,1.0,316.1,18:46:08,44.799999,33.385365,-117.495499,7,MECCONTOFF,2.0,FALSE,FALSE,FALSE,0.0,0.0,0.0
50,1083,00:00:52,F,LAUNCH_PAD,-0.2,25.7,101.1,3.9,0.2,0.3,0.1,-2.2,-9.4,-0.2,1.1,314.8,18:46:11,44.400002,33.385357,-117.495506,7,MECCONTOFF,2.0,FALSE,FALSE,FALSE,0.0,0.0,0.0
51,1083,00:00:53,F,LAUNCH_PAD,1.6,25.7,101.1,3.9,0.1,0.8,0.1,0.6,-9.5,0.6,0.9,314.6,18:46:12,44.400002,33.385357,-117.495506,7,MECCONTOFF,2.1,FALSE,FALSE,FALSE,0.0,0.0,0.0
52,1083,00:00:54,F,LAUNCH_PAD,-0.0,25.7,101.1,3.9,0.1,0.1,-1.4,-4.4,-9.5,0.1,1.0,314.8,18:46:13,44.500000,33.385353,-11.740000,7,MECCONTOFF,2.1,FALSE,FALSE,FALSE,0.0,0.0,0.0
53,1083,00:00:55,F,LAUNCH_PAD,-0.1,25.7,101.1,3.9,0.1,-13.1,3.8,12.4,-9.2,0.3,1.8,314.1,18:46:13,44.500000,33.385353,-11.740000,7,MECCONTOFF,2.1,FALSE,FALSE,FALSE,0.0,0.0,0.0
54,1083,00:00:56,F,LAUNCH_PAD,0.1,25.8,101.1,3.9,0.1,-4.4,-24.9,-6.4,-9.9,-0.3,1.0,308.6,18:46:15,44.900002,33.385353,-117.495514,7,DROP!!!,2.1,FALSE,FALSE,FALSE,0.0,0.0,0.0
55,1083,00:00:57,F,LAUNCH_PAD,0.1,25.8,101.1,3.9,0.1,-1.9,0.4,-4.0,-9.5,0.1,1.2,276.2,18:46:16,44.799999,33.385353,-117.495514,7,DROP!!!,2.1,FALSE,FALSE,FALSE,0.0,0.0,0.0
56,1083,00:00:58,F,LAUNCH_PAD,-0.1,25.8,101.1,3.9,0.1,-0.1,-0.6,19.8,-9.9,0.3,1.5,271.4,18:46:17,45.000000,33.385357,-117.495514,7,DROP!!!,2.1,FALSE,FALSE,FALSE,0.0,0.0,0.0
57,1083,00:00:59,F,LAUNCH_PAD,1.0,25.8,101.1,3.9,0.1,1.4,46.6,-62.3,-13.8,2.6,2.4,280.8,18:46:18,45.099998,33.385357,-117.495514,7,DROP!!!,2.1,FALSE,FALSE,FALSE,0.0,0.0,0.0
58,1083,00:01:00,F,LAUNCH_PAD,0.6,25.8,101.1,3.9,0.1,-20.4,-3.5,-15.9,-10.9,1.4,1.8,281.9,18:46:19,45.200001,33.385357,-117.495514,7,DROP!!!,2.1,FALSE,FALSE,FALSE,0.0,0.0,0.0
59,1083,00:01:01,F,LAUNCH_PAD,-0.0,25.8,101.1,3.9,0.2,9.6,30.9,16.7,-9.7,0.6,0.9,276.3,18:46:20,45.200001,33.385361,-117.495514,7,DROP!!!,2.1,TRUE,FALSE,FALSE,0.0,0.0,0.0
60,1083,00:01:02,F,LAUNCH_PAD,-0.6,25.9,101.2,4.0,0.0,5.9,0.2,16.6,-7.5,1.3,1.9,285.3,18:46:21,45.200001,33.385361,-117.495514,7,DROP!!!,2.1,TRUE,FALSE,FALSE,0.0,0.0,0.0
61,1083,00:01:03,F,LAUNCH_PAD,0.2,25.9,101.1,3.9,0.2,37.2,17.8,-22.2,-9.1,1.5,1.3,279.7,18:46:22,45.299999,33.385361,-117.495514,7,DROP!!!,2.1,TRUE,FALSE,FALSE,0.0,0.0,0.0
62,1083,00:01:04,F,LAUNCH_PAD,-0.2,25.9,101.1,3.9,0.4,-0.1,-0.9,-0.2,-9.5,0.4,-0.4,290.1,18:46:23,45.400002,33.385361,-117.495522,7,DROP!!!,2.1,TRUE,FALSE,FALSE,0.0,0.0,0.0
63,1083,00:01:05,F,LAUNCH_PAD,-0.2,25.9,101.1,3.9,0.3,-0.1,0.3,-0.0,-9.4,0.4,0.4,290.0,18:46:24,45.599998,33.385365,-117.495522,7,DROP!!!,2.1,TRUE,FALSE,FALSE,0.0,0.0,0.0
64,1083,00:01:06,F,LAUNCH_PAD,-0.2,25.9,101.1,4.0,0.0,-0.1,0.2,-0.4,-9.4,0.3,0.4,290.0,18:46:25,45.700001,33.385368,-117.495529,7,DROP!!!,2.1,TRUE,FALSE,FALSE,0.0,0.0,0.0
65,1083,00:01:07,F,LAUNCH_PAD,0.2,25.9,101.1,4.0,0.0,-0.1,-0.1,0.1,-9.5,0.4,0.4,290.0,18:46:26,45.799999,33.385368,-117.495529,7,DROP!!!,2.1,TRUE,FALSE,FALSE,0.0,0.0,0.0
66,1083,00:01:08,F,LAUNCH_PAD,0.3,26.0,101.1,3.9,0.1,-0.2,0.0,0.8,-9.4,-0.0,0.5,290.0,18:46:27,45.799999,33.385372,-117.495529,7,DROP!!!,2.1,TRUE,FALSE,FALSE,0.0,0.0,0.0
67,1083,00:01:09,F,LAUNCH_PAD,0.3,26.0,101.1,3.9,0.1,0.1,0.1,-0.8,-9.5,0.4,0.2,290.0,18:46:28,45.799999,33.385376,-117.495529,7,DROP!!!,2.1,TRUE,FALSE,FALSE,0.0,0.0,0.0
68,1083,00:01:10,F,LAUNCH_PAD,0.1,26.0,101.1,4.0,0.0,0.1,0.0,-0.1,-9.4,0.3,0.4,290.0,18:46:29,45.700001,33.385380,-117.495529,7,DROP!!!,2.1,TRUE,FALSE,FALSE,0.0,0.0,0.0
69,1083,00:01:11,F,LAUNCH_PAD,0.1,26.0,101.1,3.9,0.2,0.1,0.3,-0.2,-9.5,0.3,0.4,289.2,18:46:30,45.500000,33.385380,-117.495522,7,DROP!!!,2.1,TRUE,FALSE,FALSE,0.0,0.0,0.0
70,1083,00:01:12,F,LAUNCH_PAD,0.1,26.0,101.1,3.9,0.4,-0.0,-0.2,0.3,-9.4,0.4,0.4,289.1,18:46:31,45.400002,33.385384,-117.495522,7,DROP!!!,2.1,TRUE,FALSE,FALSE,0.0,0.0,0.0
71,1083,00:01:13,F,LAUNCH_PAD,0.3,26.0,101.1,3.9,0.2,-0.1,0.2,0.3,-9.4,0.3,0.4,289.1,18:46:32,45.400002,33.385384,-117.495522,7,DROP!!!,2.1,TRUE,FALSE,FALSE,0.0,0.0,0.0
72,1083,00:01:14,F,LAUNCH_PAD,0.1,26.1,101.1,3.9,0.0,0.4,3.8,-2.0,-9.5,0.4,0.3,289.1,18:46:33,45.500000,33.385384,-117.495522,7,DROP!!!,2.1,TRUE,FALSE,FALSE,0.0,0.0,0.0
73,1083,00:01:15,F,LAUNCH_PAD,0.1,26.1,101.1,3.9,0.2,0.3,-4.1,4.9,-9.9,0.5,1.0,289.1,18:46:34,45.599998,33.385384,-117.495522,7,DROP!!!,2.1,TRUE,FALSE,FALSE,0.0,0.0,0.0
74,1083,00:01:16,F,LAUNCH_PAD,0.4,26.1,101.1,3.9,0.1,0.1,0.2,-0.7,-9.5,0.4,0.2,290.3,18:46:35,45.599998,33.385384,-117.495522,7,DROP!!!,2.1,TRUE,FALSE,FALSE,0.0,0.0,0.0
75,1083,00:01:17,F,LAUNCH_PAD,-0.1,26.1,101.1,3.9,0.3,0.2,0.9,-0.9,-9.3,0.6,0.4,290.2,18:46:36,45.500000,33.385384,-117.495522,7,DROP!!!,2.1,TRUE,FALSE,FALSE,0.0,0.0,0.0
76,1083,00:01:18,F,LAUNCH_PAD,-0.4,26.1,101.1,4.0,0.0,-0.0,0.2,0.5,-9.3,0.4,0.6,290.2,18:46:37,45.400002,33.385387,-117.495522,7,DROP!!!,2.1,TRUE,FALSE,FALSE,0.0,0.0,0.0
77,1083,00:01:19,F,LAUNCH_PAD,-0.2,26.1,101.1,3.9,0.0,1.1,1.1,2.0,-9.6,-0.1,1.0,287.0,18:46:38,45.200001,33.385387,-117.495514,7,DROP!!!,2.1,TRUE,FALSE,FALSE,0.0,0.0,0.0
78,1083,00:01:20,F,LAUNCH_PAD,0.0,26.1,101.1,3.8,0.4,-0.0,-0.6,0.1,-9.3,0.7,-0.5,275.7,18:46:39,45.200001,33.385384,-117.495522,7,DROP!!!,2.1,TRUE,FALSE,FALSE,0.0,0.0,0.0
79,1083,00:01:21,F,LAUNCH_PAD,0.4,26.1,101.1,3.9,0.4,-0.1,0.1,0.1,-9.4,0.4,0.4,275.7,18:46:40,45.099998,33.385384,-117.495522,7,DROP!!!,2.1,TRUE,FALSE,FALSE,0.0,0.0,0.0
80,1083,00:01:22,F,LAUNCH_PAD,-0.1,26.2,101.1,3.9,0.0,-0.3,-0.1,-0.1,-9.4,0.4,0.4,272.9,18:46:41,45.200001,33.385384,-117.495514,7,DROP!!!,2.1,TRUE,FALSE,FALSE,0.0,0.0,0.0
81,1083,00:01:23,F,LAUNCH_PAD,0.4,26.2,101.1,3.9,0.2,-0.2,-0.1,0.5,-9.7,0.5,0.4,273.9,18:46:42,45.200001,33.385384,-117.495514,7,DROP!!!,2.1,TRUE,FALSE,FALSE,0.0,0.0,0.0
82,1083,00:01:24,F,LAUNCH_PAD,0.2,26.2,101.1,3.9,0.0,67.8,-3.6,1.2,-9.8,0.6,-0.0,279.2,18:46:43,45.200001,33.385384,-117.495514,7,DROP!!!,2.1,TRUE,FALSE,FALSE,0.0,0.0,0.0
83,1083,00:01:25,F,LAUNCH_PAD,0.8,26.2,101.1,3.9,0.3,-38.6,112.5,27.0,-6.4,2.9,-3.0,292.9,18:46:44,45.200001,33.385384,-117.495514,7,DROP!!!,2.1,TRUE,FALSE,FALSE,0.0,0.0,0.0
84,1083,00:01:26,F,LAUNCH_PAD,0.1,26.2,101.1,3.9,0.0,29.2,5.8,-102.6,-6.1,2.8,-0.1,290.3,18:46:45,45.200001,33.385384,-117.495514,7,DROP!!!,2.1,TRUE,FALSE,FALSE,0.0,0.0,0.0
85,1083,00:01:27,F,LAUNCH_PAD,-0.0,26.2,101.1,4.0,0.0,-23.8,29.3,32.1,-9.3,2.3,-0.4,291.1,18:46:46,45.200001,33.385384,-117.495514,7,DROP!!!,2.1,TRUE,FALSE,FALSE,0.0,0.0,0.0
86,1083,00:01:28,F,LAUNCH_PAD,0.5,26.3,101.1,3.9,0.0,-19.6,16.5,-26.6,-8.8,2.2,2.3,281.7,18:46:47,45.200001,33.385384,-117.495514,7,DROP!!!,2.1,TRUE,FALSE,FALSE,0.0,0.0,0.0
87,1083,00:01:29,F,LAUNCH_PAD,0.6,26.3,101.1,3.9,0.0,2.9,55.1,-13.8,-9.2,-1.1,-0.7,298.8,18:46:48,45.200001,33.385384,-117.495514,7,DROP!!!,2.1,TRUE,FALSE,FALSE,0.0,0.0,0.0
88,1083,00:01:30,F,LAUNCH_PAD,1.2,26.3,101.1,4.0,0.0,-0.1,-1.0,-0.4,-9.4,0.7,0.7,300.2,18:46:49,45.200001,33.385387,-117.495514,7,DROP!!!,2.1,TRUE,FALSE,FALSE,0.0,0.0,0.0
89,1083,00:01:31,F,LAUNCH_PAD,0.1,26.3,101.1,3.9,0.2,0.8,-0.5,-2.6,-9.9,0.0,-0.0,302.6,18:46:50,45.200001,33.385387,-117.495514,7,DROP!!!,2.1,TRUE,FALSE,FALSE,0.0,0.0,0.0
90,1083,00:01:32,F,LAUNCH_PAD,0.3,26.3,101.1,3.9,0.0,4.9,-5.1,30.8,-9.5,-2.7,2.4,313.1,18:46:51,45.200001,33.385387,-117.495514,7,DROP!!!,2.1,TRUE,FALSE,FALSE,0.0,0.0,0.0
91,1083,00:01:33,F,LAUNCH_PAD,0.2,26.3,101.1,3.9,0.2,-17.8,-16.9,6.4,-8.7,-3.0,1.6,295.4,18:46:52,45.200001,33.385387,-117.495514,7,DROP!!!,2.1,TRUE,FALSE,FALSE,0.0,0.0,0.0
92,1083,00:01:34,F,LAUNCH_PAD,0.1,26.4,101.1,4.0,0.0,-14.7,-2.8,29.0,-9.5,-3.9,1.7,291.9,18:46:53,45.400002,33.385387,-117.495514,7,DROP!!!,2.1,TRUE,FALSE,FALSE,0.0,0.0,0.0
93,1083,00:01:35,F,LAUNCH_PAD,0.0,26.4,101.1,3.9,0.2,-2.2,6.5,20.1,-9.4,-2.0,1.6,294.7,18:46:54,45.400002,33.385387,-117.495514,7,DROP!!!,2.1,TRUE,FALSE,FALSE,0.0,0.0,0.0
94,1083,00:01:36,F,LAUNCH_PAD,-0.1,26.4,101.1,3.9,0.1,-1.5,-0.5,-13.8,-9.3,-1.5,1.2,292.9,18:46:55,45.400002,33.385387,-117.495514,7,DROP!!!,2.1,TRUE,FALSE,FALSE,0.0,0.0,0.0
95,1083,00:01:37,F,LAUNCH_PAD,0.1,26.4,101.1,3.9,0.2,2.8,-1.2,-2.1,-9.5,-1.4,0.9,298.2,18:46:56,45.400002,33.385387,-117.495514,7,DROP!!!,2.1,TRUE,FALSE,FALSE,0.0,0.0,0.0
96,1083,00:01:38,F,LAUNCH_PAD,-0.7,26.4,101.2,4.0,0.0,29.4,3.2,29.9,-9.5,0.2,1.5,313.5,18:46:57,45.400002,33.385387,-117.495514,7,DROP!!!,2.1,TRUE,FALSE,FALSE,0.0,0.0,0.0
97,1083,00:01:39,F,LAUNCH_PAD,0.5,26.4,101.1,3.8,0.4,7.7,-0.8,-9.7,-9.6,0.1,0.7,306.5,18:46:58,45.400002,33.385387,-117.495514,7,DROP!!!,2.1,TRUE,FALSE,FALSE,0.0,0.0,0.0
98,1083,00:01:40,F,LAUNCH_PAD,0.0,26.4,101.1,3.9,0.4,-12.3,0.2,4.8,-9.6,0.0,1.0,312.8,18:46:59,45.400002,33.385391,-117.495514,7,DROP!!!,2.1,TRUE,FALSE,FALSE,0.0,0.0,0.0
99,1083,00:01:41,F,LAUNCH_PAD,-0.3,26.4,101.1,3.9,0.3,6.4,2.5,-3.1,-9.6,0.1,1.1,314.4,18:47:00,45.400002,33.385391,-117.495514,7,DROP!!!,2.1,TRUE,FALSE,FALSE,0.0,0.0,0.0
100,1083,00:01:42,F,LAUNCH_PAD,-0.2,26.4,101.1,3.9,0.0,-1.1,2.8,-1.4,-9.7,0.3,0.6,311.1,18:47:01,45.400002,33.385387,-117.495514,7,DROP!!!,2.1,TRUE,FALSE,FALSE,0.0,0.0,0.0
101,1083,00:01:43,F,LAUNCH_PAD,-0.3,26.4,101.1,3.9,0.0,-10.1,1.1,9.2,-9.6,0.3,1.0,312.1,18:47:02,45.400002,33.385387,-117.495514,7,DROP!!!,2.1,TRUE,FALSE,FALSE,0.0,0.0,0.0
102,1083,00:01:44,F,LAUNCH_PAD,-0.1,26.4,101.1,3.9,0.1,-36.3,4.2,0.6,-9.6,0.3,0.9,306.0,18:47:03,45.500000,33.385387,-117.495522,7,DROP!!!,2.1,TRUE,FALSE,FALSE,0.0,0.0,0.0
103,1083,00:01:45,F,LAUNCH_PAD,-0.1,26.4,101.1,3.9,0.2,10.2,-1.1,-5.5,-9.6,0.2,1.2,308.9,18:47:04,45.599998,33.385384,-117.495522,7,DROP!!!,2.1,TRUE,FALSE,FALSE,0.0,0.0,0.0
104,1083,00:01:46,F,LAUNCH_PAD,0.5,26.5,101.1,3.9,0.0,9.1,-13.0,-20.6,-11.0,0.3,1.6,314.2,18:47:05,45.700001,33.385380,-117.495522,7,DROP!!!,2.1,TRUE,FALSE,FALSE,0.0,0.0,0.0
105,1083,00:01:47,F,LAUNCH_PAD,-0.0,26.5,101.1,3.9,0.2,-53.6,-0.1,3.9,-9.6,-0.1,0.7,306.6,18:47:06,45.799999,33.385376,-117.495522,7,DROP!!!,2.1,TRUE,FALSE,FALSE,0.0,0.0,0.0
106,1083,00:01:48,F,LAUNCH_PAD,0.0,26.5,101.1,3.8,0.4,41.1,3.1,5.0,-9.1,0.5,1.7,306.8,18:47:07,45.799999,33.385372,-117.495522,7,DROP!!!,2.1,TRUE,FALSE,FALSE,0.0,0.0,0.0
107,1083,00:01:49,F,LAUNCH_PAD,-0.4,26.5,101.1,3.9,0.2,8.9,28.5,11.8,-9.4,0.0,0.8,315.9,18:47:08,45.700001,33.385372,-117.495522,7,DROP!!!,2.1,TRUE,FALSE,FALSE,0.0,0.0,0.0
108,1083,00:01:50,F,LAUNCH_PAD,-0.3,26.5,101.1,3.9,0.0,-24.1,-22.2,-23.0,-9.6,0.1,0.2,321.8,18:47:09,45.700001,33.385372,-117.495522,7,DROP!!!,2.1,TRUE,FALSE,FALSE,0.0,0.0,0.0
109,1083,00:01:51,F,LAUNCH_PAD,-0.2,26.5,101.1,3.9,0.2,64.9,-0.2,-4.5,-9.6,0.3,0.9,307.5,18:47:10,45.700001,33.385372,-117.495514,8,DROP!!!,2.1,TRUE,FALSE,FALSE,0.0,0.0,0.0
110,1083,00:01:52,F,LAUNCH_PAD,0.1,26.5,101.1,3.9,0.1,-64.2,9.6,-9.5,-9.6,0.2,1.0,308.4,18:47:11,45.700001,33.385372,-117.495522,8,DROP!!!,2.1,TRUE,FALSE,FALSE,0.0,0.0,0.0
111,1083,00:01:53,F,LAUNCH_PAD,-0.1,26.5,101.1,3.9,0.2,19.1,2.2,-3.9,-9.5,0.4,1.5,309.1,18:47:12,45.700001,33.385372,-117.495522,8,DROP!!!,2.1,TRUE,FALSE,FALSE,0.0,0.0,0.0
112,1083,00:01:54,F,LAUNCH_PAD,-0.3,26.5,101.1,3.9,0.0,5.9,0.1,-6.5,-9.7,0.3,1.3,309.9,18:47:13,45.700001,33.385368,-117.495522,8,DROP!!!,2.1,TRUE,FALSE,FALSE,0.0,0.0,0.0
113,1083,00:01:55,F,LAUNCH_PAD,-0.5,26.6,101.2,3.9,0.2,-0.9,1.4,-2.8,-9.7,0.3,1.2,308.9,18:47:14,45.900002,33.385372,-117.495522,8,DROP!!!,2.1,TRUE,FALSE,FALSE,0.0,0.0,0.0
114,1083,00:01:56,F,LAUNCH_PAD,-0.9,26.6,101.2,3.9,0.0,20.4,14.6,6.8,-9.8,0.2,1.2,309.7,18:47:15,45.799999,33.385372,-117.495522,8,DROP!!!,2.1,TRUE,FALSE,FALSE,0.0,0.0,0.0
115,1083,00:01:57,F,LAUNCH_PAD,-0.0,26.6,101.1,3.9,0.1,-10.5,1.3,0.4,-9.7,0.3,1.0,310.5,18:47:16,45.799999,33.385372,-117.495522,8,DROP!!!,2.1,TRUE,FALSE,FALSE,0.0,0.0,0.0
116,1083,00:01:58,F,LAUNCH_PAD,-0.0,26.6,101.1,3.9,0.0,2.0,7.7,3.9,-9.7,0.1,1.2,309.9,18:47:17,45.799999,33.385372,-117.495522,8,DROP!!!,2.1,TRUE,FALSE,FALSE,0.0,0.0,0.0
117,1083,00:01:59,F,LAUNCH_PAD,-0.2,26.6,101.2,3.9,0.2,0.3,0.2,-0.8,-9.6,0.1,0.7,312.1,18:47:18,45.799999,33.385372,-117.495522,8,DROP!!!,2.1,TRUE,FALSE,FALSE,0.0,0.0,0.0
118,1083,00:02:00,F,LAUNCH_PAD,-0.6,26.6,101.2,3.9,0.0,0.1,-0.4,-0.4,-9.6,0.1,0.6,312.2,18:47:19,45.799999,33.385376,-117.495522,8,DROP!!!,2.1,TRUE,FALSE,FALSE,0.0,0.0,0.0
119,1083,00:02:01,F,LAUNCH_PAD,-0.7,26.6,101.2,3.9,0.2,-22.4,5.8,2.7,-10.7,0.1,1.4,311.4,18:47:20,45.799999,33.385380,-117.495522,8,DROP!!!,2.1,TRUE,FALSE,FALSE,0.0,0.0,0.0
120,1083,00:02:02,F,LAUNCH_PAD,-0.4,26.6,101.1,3.9,0.0,14.1,-0.6,-5.4,-9.6,0.2,0.6,305.9,18:47:21,45.799999,33.385380,-117.495529,8,DROP!!!,2.1,TRUE,FALSE,FALSE,0.0,0.0,0.0
121,1083,00:02:03,F,LAUNCH_PAD,0.2,26.6,101.1,3.9,0.1,-15.1,-2.1,-3.5,-9.4,0.1,0.7,305.8,18:47:22,45.900002,33.385376,-117.495522,8,DROP!!!,2.1,TRUE,FALSE,FALSE,0.0,0.0,0.0
122,1083,00:02:04,F,LAUNCH_PAD,-0.2,26.6,101.1,3.9,0.1,-0.4,-5.1,1.0,-9.6,0.1,0.7,302.1,18:47:23,45.900002,33.385380,-117.495522,8,DROP!!!,2.1,TRUE,FALSE,FALSE,0.0,0.0,0.0
123,1083,00:02:05,F,LAUNCH_PAD,-0.1,26.5,101.1,3.9,0.1,10.6,-4.0,0.7,-8.4,0.2,0.3,306.2,18:47:24,46.000000,33.385380,-117.495522,8,DROP!!!,2.1,TRUE,FALSE,FALSE,0.0,0.0,0.0
124,1083,00:02:06,F,LAUNCH_PAD,-0.1,26.4,101.1,3.9,0.0,0.9,-2.9,3.9,-9.8,0.1,0.6,308.2,18:47:25,45.900002,33.385380,-117.495522,9,DROP!!!,2.1,TRUE,FALSE,FALSE,0.0,0.0,0.0
125,1083,00:02:07,F,LAUNCH_PAD,-0.1,26.3,101.1,3.9,0.2,-11.8,-4.2,4.3,-9.6,-0.0,0.7,306.3,18:47:26,45.799999,33.385380,-117.495522,9,DROP!!!,2.1,TRUE,FALSE,FALSE,0.0,0.0,0.0
126,1083,00:02:08,F,LAUNCH_PAD,-0.1,26.3,101.1,3.9,0.0,-5.9,2.8,-5.9,-9.7,0.5,0.8,305.8,18:47:27,45.799999,33.385380,-117.495529,9,DROP!!!,2.1,TRUE,FALSE,FALSE,0.0,0.0,0.0
127,1083,00:02:09,F,LAUNCH_PAD,-0.4,26.3,101.2,3.9,0.2,15.1,0.4,-1.8,-9.6,0.3,1.1,309.0,18:47:28,45.799999,33.385380,-117.495529,9,DROP!!!,2.1,TRUE,FALSE,FALSE,0.0,0.0,0.0
128,1083,00:02:10,F,LAUNCH_PAD,-0.6,26.2,101.2,3.9,0.1,-12.6,-0.6,-2.1,-9.6,0.2,1.0,308.0,18:47:29,45.900002,33.385380,-117.495529,9,DROP!!!,2.1,TRUE,FALSE,FALSE,0.0,0.0,0.0
129,1083,00:02:11,F,LAUNCH_PAD,-0.2,26.2,101.1,3.9,0.3,6.4,4.8,0.4,-9.6,0.2,1.0,306.3,18:47:30,46.000000,33.385380,-117.495529,9,DROP!!!,2.1,TRUE,FALSE,FALSE,0.0,0.0,0.0
130,1083,00:02:12,F,LAUNCH_PAD,-0.4,26.1,101.1,3.9,0.4,-20.8,4.2,3.8,-9.6,0.2,1.2,307.1,18:47:31,46.200001,33.385380,-117.495537,9,DROP!!!,2.1,TRUE,FALSE,FALSE,0.0,0.0,0.0
131,1083,00:02:13,F,LAUNCH_PAD,-0.9,26.1,101.2,3.9,0.1,6.6,0.5,0.6,-9.7,0.2,1.1,305.4,18:47:32,46.500000,33.385384,-117.495544,9,DROP!!!,2.1,TRUE,FALSE,FALSE,0.0,0.0,0.0
132,1083,00:02:14,F,LAUNCH_PAD,-0.3,26.1,101.1,3.9,0.0,24.3,-2.2,2.9,-9.6,0.2,0.9,309.4,18:47:33,46.799999,33.385384,-117.495544,9,DROP!!!,2.1,TRUE,FALSE,FALSE,0.0,0.0,0.0
133,1083,00:02:15,F,LAUNCH_PAD,1.6,25.9,101.1,3.9,0.1,-25.6,3.2,9.7,-9.7,-0.1,0.9,307.6,18:47:34,46.799999,33.385384,-117.495544,9,DROP!!!,2.1,TRUE,FALSE,FALSE,0.0,0.0,0.0
134,1083,00:02:16,F,LAUNCH_PAD,-0.4,25.8,101.2,3.9,0.1,25.1,-8.0,-0.9,-9.8,-0.2,1.2,309.2,18:47:35,46.799999,33.385380,-117.495544,9,DROP!!!,2.1,TRUE,FALSE,FALSE,0.0,0.0,0.0
135,1083,00:02:17,F,LAUNCH_PAD,-0.6,25.8,101.1,3.9,0.2,11.0,-10.2,-4.2,-9.7,0.5,3.6,327.6,18:47:36,46.799999,33.385380,-117.495544,9,DROP!!!,2.1,TRUE,FALSE,FALSE,0.0,0.0,0.0
136,1083,00:02:18,F,LAUNCH_PAD,-0.5,25.8,101.2,3.9,0.1,4.9,8.2,-1.3,-8.6,0.2,3.1,327.6,18:47:37,46.799999,33.385380,-117.495544,9,DROP!!!,2.1,TRUE,FALSE,FALSE,0.0,0.0,0.0
137,1083,00:02:19,F,LAUNCH_PAD,-0.8,25.8,101.2,3.9,0.2,19.2,-16.2,8.9,-9.9,0.1,3.5,346.2,18:47:38,47.000000,33.385380,-117.495544,9,DROP!!!,2.1,TRUE,FALSE,FALSE,0.0,0.0,0.0
138,1083,00:02:20,F,LAUNCH_PAD,0.1,25.8,101.1,3.9,0.3,-157.2,57.1,34.6,-10.0,0.3,2.0,315.4,18:47:39,47.200001,33.385380,-117.495544,9,DROP!!!,2.1,TRUE,FALSE,FALSE,0.0,0.0,0.0
139,1083,00:02:21,F,LAUNCH_PAD,-0.4,25.8,101.1,3.9,0.1,121.3,7.8,-15.6,-8.9,0.3,0.9,304.1,18:47:40,47.299999,33.385384,-117.495552,9,DROP!!!,2.1,TRUE,FALSE,FALSE,0.0,0.0,0.0
140,1083,00:02:22,F,LAUNCH_PAD,-1.0,25.8,101.2,3.9,0.0,-84.3,3.5,18.0,-9.6,0.1,1.5,313.7,18:47:41,47.400002,33.385384,-117.495552,9,DROP!!!,2.1,TRUE,FALSE,FALSE,0.0,0.0,0.0
141,1083,00:02:23,F,LAUNCH_PAD,-0.1,25.7,101.1,3.9,0.3,64.4,0.0,-12.4,-9.5,0.1,1.2,307.1,18:47:42,47.299999,33.385384,-117.495552,9,DROP!!!,2.1,TRUE,FALSE,FALSE,0.0,0.0,0.0
142,1083,00:02:24,F,LAUNCH_PAD,1.5,25.7,101.1,3.9,0.1,-76.2,13.5,13.8,-9.6,0.2,1.1,308.3,18:47:43,47.400002,33.385384,-117.495544,9,DROP!!!,2.1,TRUE,FALSE,FALSE,0.0,0.0,0.0
143,1083,00:02:25,F,LAUNCH_PAD,-0.5,25.7,101.1,3.9,0.1,63.4,4.9,-9.4,-9.7,-0.0,1.1,308.6,18:47:44,47.400002,33.385384,-117.495552,9,DROP!!!,2.1,TRUE,FALSE,FALSE,0.0,0.0,0.0
144,1083,00:02:26,F,LAUNCH_PAD,-0.3,25.7,101.1,3.9,0.0,-39.1,-30.8,-0.8,-11.5,2.0,1.4,304.9,18:47:45,47.400002,33.385384,-117.495552,9,DROP!!!,2.1,TRUE,FALSE,FALSE,0.0,0.0,0.0
145,1083,00:02:27,F,LAUNCH_PAD,-0.1,25.7,101.1,3.9,0.3,-0.1,1.4,1.0,-9.7,0.1,1.1,303.8,18:47:46,47.400002,33.385384,-117.495552,9,DROP!!!,2.1,TRUE,FALSE,FALSE,0.0,0.0,0.0
146,1083,00:02:28,F,LAUNCH_PAD,-0.7,25.7,101.2,3.9,0.1,-2.3,-10.1,-4.6,-9.5,0.7,-0.2,311.7,18:47:47,47.400002,33.385384,-117.495552,9,DROP!!!,2.1,TRUE,FALSE,FALSE,0.0,0.0,0.0
147,1083,00:02:29,F,LAUNCH_PAD,-0.1,25.7,101.1,3.9,0.1,-0.2,-1.4,-4.3,-9.5,0.2,0.6,311.6,18:47:48,47.299999,33.385384,-117.495552,9,DROP!!!,2.1,TRUE,FALSE,FALSE,0.0,0.0,0.0
148,1083,00:02:30,F,LAUNCH_PAD,-0.5,25.7,101.2,3.9,0.0,0.2,0.0,-0.2,-9.6,0.1,0.5,311.5,18:47:49,47.299999,33.385387,-117.495544,10,DROP!!!,2.1,TRUE,FALSE,FALSE,0.0,0.0,0.0
149,1083,00:02:31,F,LAUNCH_PAD,-0.2,25.6,101.1,3.9,0.2,-0.1,-0.4,0.2,-9.5,0.2,0.4,311.5,18:47:50,47.400002,33.385384,-117.495544,10,DROP!!!,2.1,TRUE,FALSE,FALSE,0.0,0.0,0.0
150,1083,00:02:32,F,LAUNCH_PAD,0.1,25.7,101.2,3.9,0.0,-0.0,0.6,-0.2,-9.6,0.2,0.4,311.5,18:47:51,47.400002,33.385384,-117.495544,10,DROP!!!,2.1,TRUE,FALSE,FALSE,0.0,0.0,0.0
151,1083,00:02:33,F,LAUNCH_PAD,-0.1,25.7,101.1,3.9,0.2,-0.1,2.6,1.4,-9.7,0.1,0.5,311.2,18:47:05,47.299999,33.385384,-117.495544,10,DROP!!!,2.1,TRUE,FALSE,FALSE,0.0,0.0,0.0
152,1083,00:02:34,F,LAUNCH_PAD,-0.4,25.7,101.2,3.9,0.0,22.8,-13.9,-12.1,-9.8,0.2,-0.2,313.6,18:47:53,47.700001,33.385384,-117.495544,10,DROP!!!,2.1,TRUE,FALSE,FALSE,0.0,0.0,0.0
153,1083,00:02:35,F,LAUNCH_PAD,-0.0,25.7,101.1,3.9,0.2,-50.2,7.3,-25.9,-9.1,0.2,-0.1,317.4,18:47:54,47.700001,33.385384,-117.495544,10,DROP!!!,2.1,TRUE,FALSE,FALSE,0.0,0.0,0.0
154,1083,00:02:36,F,LAUNCH_PAD,-0.2,25.8,101.1,3.9,0.4,-46.6,-22.1,-13.9,-9.2,0.7,1.0,318.6,18:47:55,47.700001,33.385384,-117.495544,10,DROP!!!,2.1,TRUE,FALSE,FALSE,0.0,0.0,0.0
155,1083,00:02:37,F,LAUNCH_PAD,-0.5,25.8,101.1,3.9,0.3,-38.0,-5.3,-9.3,-9.3,0.4,1.5,330.9,18:47:56,47.900002,33.385384,-117.495544,10,DROP!!!,2.1,TRUE,FALSE,FALSE,0.0,0.0,0.0
156,1083,00:02:38,F,LAUNCH_PAD,-0.1,25.8,101.1,3.9,0.1,-3.4,-2.8,-5.2,-9.4,0.5,1.1,328.4,18:47:57,48.099998,33.385387,-117.495544,10,DROP!!!,2.1,TRUE,FALSE,FALSE,0.0,0.0,0.0
157,1083,00:02:39,F,LAUNCH_PAD,0.7,25.8,101.1,3.9,0.3,2.3,-2.4,-0.6,-9.5,0.4,0.9,328.1,18:47:58,48.599998,33.385387,-117.495544,10,DROP!!!,2.1,TRUE,FALSE,FALSE,0.0,0.0,0.0
158,1083,00:02:40,F,LAUNCH_PAD,-0.8,25.7,101.2,3.9,0.3,13.8,-6.5,-6.6,-9.4,0.5,0.7,324.0,18:47:59,49.099998,33.385387,-117.495544,10,DROP!!!,2.1,TRUE,FALSE,FALSE,0.0,0.0,0.0
159,1083,00:02:41,F,LAUNCH_PAD,-0.6,25.7,101.1,3.9,0.1,9.8,-2.6,4.3,-8.2,0.4,1.3,323.2,18:48:00,49.000000,33.385387,-117.495544,10,DROP!!!,2.1,TRUE,FALSE,FALSE,0.0,0.0,0.0
160,1083,00:02:42,F,LAUNCH_PAD,0.1,25.7,101.1,3.9,0.1,10.2,-2.9,2.7,-9.8,0.4,1.0,325.9,18:48:01,48.799999,33.385387,-117.495544,10,DROP!!!,2.1,TRUE,FALSE,FALSE,0.0,0.0,0.0
161,1083,00:02:43,F,LAUNCH_PAD,-0.4,25.7,101.2,3.9,0.1,9.9,5.6,0.1,-9.8,0.5,0.9,325.9,18:48:02,49.200001,33.385387,-117.495544,10,DROP!!!,2.1,TRUE,FALSE,FALSE,0.0,0.0,0.0
162,1083,00:02:44,F,LAUNCH_PAD,-0.2,25.8,101.1,3.9,0.4,16.1,-2.7,0.2,-9.6,0.3,0.8,323.9,18:48:03,48.900002,33.385387,-117.495537,10,DROP!!!,2.1,TRUE,FALSE,FALSE,0.0,0.0,0.0
163,1083,00:02:45,F,LAUNCH_PAD,0.2,25.8,101.1,3.9,0.1,9.9,0.6,-0.6,-8.2,0.3,0.1,322.8,18:48:04,48.700001,33.385384,-117.495537,10,DROP!!!,2.1,TRUE,FALSE,FALSE,0.0,0.0,0.0
164,1083,00:02:46,F,LAUNCH_PAD,-0.2,25.8,101.1,3.9,0.1,-3.6,7.4,1.6,-9.8,0.3,0.0,323.8,18:48:05,48.700001,33.385384,-117.495537,10,DROP!!!,2.1,TRUE,FALSE,FALSE,0.0,0.0,0.0
165,1083,00:02:47,F,LAUNCH_PAD,-0.0,25.8,101.1,3.9,0.1,-26.2,-16.5,-2.6,-9.2,0.3,-0.3,326.7,18:48:06,48.700001,33.385384,-117.495537,10,DROP!!!,2.1,TRUE,FALSE,FALSE,0.0,0.0,0.0
166,1083,00:02:48,F,LAUNCH_PAD,-0.4,25.8,101.1,3.8,0.4,19.2,0.4,-1.7,-9.4,0.2,-0.4,321.0,18:48:07,48.599998,33.385384,-117.495537,10,DROP!!!,2.1,TRUE,FALSE,FALSE,0.0,0.0,0.0
167,1083,00:02:49,F,LAUNCH_PAD,-0.3,25.8,101.1,3.9,0.2,-13.6,0.9,1.3,-9.6,0.4,-0.3,323.6,18:48:08,48.700001,33.385384,-117.495537,10,DROP!!!,2.1,TRUE,FALSE,FALSE,0.0,0.0,0.0
168,1083,00:02:50,F,LAUNCH_PAD,-0.0,25.8,101.1,3.9,0.0,22.6,-0.7,-1.3,-9.6,0.2,-0.4,323.9,18:48:09,48.700001,33.385384,-117.495537,10,DROP!!!,2.1,TRUE,FALSE,FALSE,0.0,0.0,0.0
169,1083,00:02:51,F,LAUNCH_PAD,-0.0,25.9,101.1,3.9,0.2,-14.3,2.1,-2.2,-9.5,0.2,-0.4,324.6,18:48:10,48.700001,33.385384,-117.495537,10,DROP!!!,2.1,TRUE,FALSE,FALSE,0.0,0.0,0.0
170,1083,00:02:52,F,LAUNCH_PAD,-0.4,25.9,101.1,3.9,0.1,-0.9,-22.2,-3.4,-9.6,0.2,-0.3,323.1,18:48:11,48.700001,33.385384,-117.495537,10,DROP!!!,2.1,TRUE,FALSE,FALSE,0.0,0.0,0.0
171,1083,00:02:53,F,LAUNCH_PAD,-0.4,25.9,101.1,3.9,0.2,-11.7,-6.9,-0.8,-9.6,0.3,0.0,324.7,18:48:12,48.700001,33.385384,-117.495537,10,DROP!!!,2.1,TRUE,FALSE,FALSE,0.0,0.0,0.0
172,1083,00:02:54,F,LAUNCH_PAD,-0.2,25.9,101.1,3.9,0.0,-4.2,-8.7,-0.4,-9.3,0.3,-0.1,325.4,18:48:13,48.599998,33.385384,-117.495544,10,DROP!!!,2.1,TRUE,FALSE,FALSE,0.0,0.0,0.0
173,1083,00:02:55,F,LAUNCH_PAD,-0.9,25.9,101.2,3.9,0.2,61.0,-3.9,-7.3,-7.4,-0.8,0.6,327.0,18:48:14,48.700001,33.385384,-117.495544,10,DROP!!!,2.1,TRUE,FALSE,FALSE,0.0,0.0,0.0
174,1083,00:02:56,F,LAUNCH_PAD,-0.3,26.0,101.1,3.9,0.0,0.8,4.3,2.5,-9.1,0.7,1.5,336.2,18:48:15,48.900002,33.385384,-117.495544,10,DROP!!!,2.1,TRUE,FALSE,FALSE,0.0,0.0,0.0
175,1083,00:02:57,F,LAUNCH_PAD,-0.5,26.0,101.2,3.9,0.0,-27.8,2.1,3.2,-9.7,0.3,0.4,330.1,18:48:16,48.799999,33.385384,-117.495544,10,DROP!!!,2.1,TRUE,FALSE,FALSE,0.0,0.0,0.0
176,1083,00:02:58,F,LAUNCH_PAD,-0.5,26.0,101.1,3.9,0.0,24.1,19.3,-4.7,-10.3,0.6,1.3,324.9,18:48:17,48.799999,33.385380,-117.495544,10,DROP!!!,2.1,TRUE,FALSE,FALSE,0.0,0.0,0.0
177,1083,00:02:59,F,LAUNCH_PAD,-0.7,26.0,101.2,3.9,0.1,0.9,15.6,-6.5,-9.7,0.3,0.6,325.1,18:48:17,48.799999,33.385380,-117.495544,10,DROP!!!,2.1,TRUE,FALSE,FALSE,0.0,0.0,0.0
178,1083,00:03:00,F,LAUNCH_PAD,-0.7,26.0,101.2,3.9,0.4,-16.5,-0.6,7.1,-9.9,0.8,1.0,328.5,18:48:19,48.799999,33.385380,-117.495544,10,DROP!!!,2.1,TRUE,FALSE,FALSE,0.0,0.0,0.0
179,1083,00:03:01,F,LAUNCH_PAD,-0.5,26.0,101.2,3.9,0.1,64.5,17.9,3.5,-9.3,0.4,-0.0,328.4,18:48:20,48.799999,33.385380,-117.495544,10,DROP!!!,2.1,TRUE,FALSE,FALSE,0.0,0.0,0.0
180,1083,00:03:02,F,LAUNCH_PAD,-0.4,26.1,101.1,3.9,0.0,-18.6,-0.3,16.4,-9.6,0.4,0.2,322.3,18:48:21,48.900002,33.385380,-117.495544,10,DROP!!!,2.1,TRUE,FALSE,FALSE,0.0,0.0,0.0
181,1083,00:03:03,F,LAUNCH_PAD,-1.1,26.1,101.2,3.9,0.2,-34.6,17.4,15.6,-10.2,0.2,0.7,330.2,18:48:22,48.799999,33.385380,-117.495544,10,DROP!!!,2.1,TRUE,FALSE,FALSE,0.0,0.0,0.0
182,1083,00:03:04,F,LAUNCH_PAD,-0.4,26.1,101.1,3.9,0.3,12.2,9.4,5.9,-9.8,0.3,0.3,319.7,18:48:23,48.700001,33.385380,-117.495544,10,DROP!!!,2.1,TRUE,FALSE,FALSE,0.0,0.0,0.0
183,1083,00:03:05,F,LAUNCH_PAD,-0.3,26.1,101.1,3.9,0.3,36.3,3.4,-9.8,-10.1,0.2,0.5,332.7,18:48:24,48.700001,33.385384,-117.495544,10,DROP!!!,2.1,TRUE,FALSE,FALSE,0.0,0.0,0.0
184,1083,00:03:06,F,LAUNCH_PAD,-0.2,26.1,101.2,3.9,0.0,12.4,75.4,-25.1,-10.1,0.6,1.2,322.1,18:48:25,48.900002,33.385384,-117.495544,11,DROP!!!,2.1,TRUE,FALSE,FALSE,0.0,0.0,0.0
185,1083,00:03:07,F,LAUNCH_PAD,-0.4,26.0,101.1,3.9,0.0,13.4,4.4,4.9,-9.8,0.4,0.5,321.7,18:48:26,48.799999,33.385384,-117.495544,11,DROP!!!,2.1,TRUE,FALSE,FALSE,0.0,0.0,0.0
186,1083,00:03:08,F,LAUNCH_PAD,-0.5,26.0,101.2,3.9,0.4,1.6,-0.6,-10.1,-9.8,0.1,1.1,316.3,18:48:27,48.799999,33.385384,-117.495544,11,DROP!!!,2.1,TRUE,FALSE,FALSE,0.0,0.0,0.0
187,1083,00:03:09,F,LAUNCH_PAD,-0.6,26.0,101.2,3.9,0.3,-10.6,-0.6,-9.9,-10.1,0.8,0.6,321.3,18:48:28,49.099998,33.385387,-117.495544,11,DROP!!!,2.1,TRUE,FALSE,FALSE,0.0,0.0,0.0
188,1083,00:03:10,F,LAUNCH_PAD,-0.0,26.0,101.1,3.9,0.0,16.0,-2.7,-10.4,-9.7,0.4,0.1,309.1,18:48:29,49.400002,33.385387,-117.495544,11,DROP!!!,2.1,TRUE,FALSE,FALSE,0.0,0.0,0.0
189,1083,00:03:11,F,LAUNCH_PAD,-0.1,26.0,101.1,3.9,0.2,-20.4,5.1,-7.8,-9.8,0.2,0.7,311.7,18:48:30,49.799999,33.385384,-117.495544,11,DROP!!!,2.1,TRUE,FALSE,FALSE,0.0,0.0,0.0
190,1083,00:03:12,F,LAUNCH_PAD,-0.1,26.0,101.1,3.9,0.3,-15.6,-3.9,-5.4,-9.4,0.6,0.4,310.6,18:48:31,50.299999,33.385384,-117.495544,11,DROP!!!,2.1,TRUE,FALSE,FALSE,0.0,0.0,0.0
191,1083,00:03:13,F,LAUNCH_PAD,-0.8,26.0,101.2,3.9,0.2,-9.9,-5.1,-4.8,-9.6,0.3,0.2,315.0,18:48:32,50.700001,33.385387,-117.495544,11,DROP!!!,2.1,TRUE,FALSE,FALSE,0.0,0.0,0.0
192,1083,00:03:14,F,LAUNCH_PAD,-0.5,26.0,101.2,3.9,0.0,-11.9,-8.1,0.7,-11.2,0.6,-0.0,322.1,18:48:33,51.200001,33.385391,-117.495544,11,DROP!!!,2.1,TRUE,FALSE,FALSE,0.0,0.0,0.0
193,1083,00:03:15,F,LAUNCH_PAD,-0.8,26.0,101.2,3.9,0.3,-11.9,-6.9,0.8,-9.9,0.2,0.6,318.1,18:48:34,51.599998,33.385391,-117.495544,11,DROP!!!,2.1,TRUE,FALSE,FALSE,0.0,0.0,0.0
194,1083,00:03:16,F,LAUNCH_PAD,-0.7,26.0,101.2,3.9,0.1,-10.9,3.8,-5.8,-9.3,0.4,0.6,318.8,18:48:35,51.700001,33.385395,-117.495544,11,DROP!!!,2.1,TRUE,FALSE,FALSE,0.0,0.0,0.0
195,1083,00:03:17,F,LAUNCH_PAD,-0.3,26.0,101.1,3.9,0.1,17.5,-4.2,9.8,-9.7,0.2,0.8,314.4,18:48:36,51.799999,33.385395,-117.495544,11,DROP!!!,2.1,TRUE,FALSE,FALSE,0.0,0.0,0.0
196,1083,00:03:18,F,LAUNCH_PAD,0.0,26.0,101.1,3.9,0.0,12.8,3.0,3.0,-9.7,0.2,0.2,309.8,18:48:37,51.799999,33.385391,-117.495544,11,DROP!!!,2.1,TRUE,FALSE,FALSE,0.0,0.0,0.0
197,1083,00:03:19,F,LAUNCH_PAD,-0.3,26.0,101.1,3.9,0.3,-21.4,1.9,1.9,-9.7,0.2,0.2,312.6,18:48:38,51.799999,33.385391,-117.495544,11,DROP!!!,2.1,TRUE,FALSE,FALSE,0.0,0.0,0.0
198,1083,00:03:20,F,LAUNCH_PAD,-0.9,26.0,101.2,3.9,0.2,-6.3,4.1,-10.0,-9.8,0.6,0.3,309.7,18:48:39,51.900002,33.385391,-117.495544,10,DROP!!!,2.1,TRUE,FALSE,FALSE,0.0,0.0,0.0
199,1083,00:03:21,F,LAUNCH_PAD,-1.1,25.9,101.2,3.9,0.2,-6.7,3.9,-0.6,-9.9,0.4,0.1,305.1,18:48:40,51.799999,33.385387,-117.495544,10,DROP!!!,2.1,TRUE,FALSE,FALSE,0.0,0.0,0.0
200,1083,00:03:22,F,LAUNCH_PAD,-0.7,25.9,101.2,3.9,0.0,-4.1,0.5,-15.3,-9.6,0.4,0.6,314.8,18:48:41,51.700001,33.385387,-117.495544,10,DROP!!!,2.1,TRUE,FALSE,FALSE,0.0,0.0,0.0
201,1083,00:03:23,F,LAUNCH_PAD,-1.0,25.9,101.2,3.9,0.1,22.6,2.1,-8.4,-9.8,0.3,0.4,313.4,18:48:42,51.299999,33.385387,-117.495544,11,DROP!!!,2.1,TRUE,FALSE,FALSE,0.0,0.0,0.0
202,1083,00:03:24,F,LAUNCH_PAD,-1.2,26.0,101.2,3.9,0.4,6.1,-0.8,-12.1,-9.6,0.2,0.6,314.1,18:48:43,51.200001,33.385387,-117.495544,10,DROP!!!,2.1,TRUE,FALSE,FALSE,0.0,0.0,0.0
203,1083,00:03:25,F,LAUNCH_PAD,-0.8,26.0,101.2,3.9,0.3,8.1,-4.8,-12.6,-9.7,0.4,0.4,315.6,18:48:44,51.099998,33.385387,-117.495544,10,DROP!!!,2.1,TRUE,FALSE,FALSE,0.0,0.0,0.0
204,1083,00:03:26,F,LAUNCH_PAD,-0.5,26.0,101.2,3.9,0.0,-14.4,-7.6,-2.5,-9.8,0.0,-0.2,306.8,18:48:45,51.200001,33.385384,-117.495544,10,DROP!!!,2.1,TRUE,FALSE,FALSE,0.0,0.0,0.0
205,1083,00:03:27,F,LAUNCH_PAD,-1.1,26.0,101.2,3.9,0.2,6.4,-0.9,-8.2,-9.9,0.4,0.6,313.6,18:48:46,51.099998,33.385384,-117.495544,11,DROP!!!,2.1,TRUE,FALSE,FALSE,0.0,0.0,0.0
206,1083,00:03:28,F,LAUNCH_PAD,-0.8,26.0,101.2,3.9,0.1,-15.3,-0.9,4.2,-9.5,0.2,0.2,307.4,18:48:47,51.099998,33.385384,-117.495544,11,DROP!!!,2.1,TRUE,FALSE,FALSE,0.0,0.0,0.0
207,1083,00:03:29,F,LAUNCH_PAD,-0.7,26.1,101.2,3.9,0.3,4.4,-2.9,-0.7,-9.6,0.2,0.4,307.9,18:48:48,51.200001,33.385380,-117.495544,11,DROP!!!,2.1,TRUE,FALSE,FALSE,0.0,0.0,0.0
208,1083,00:03:30,F,LAUNCH_PAD,-0.4,26.1,101.2,3.9,0.0,10.2,2.5,-1.8,-9.6,0.1,0.4,311.4,18:48:49,51.200001,33.385384,-117.495544,11,DROP!!!,2.1,TRUE,FALSE,FALSE,0.0,0.0,0.0
209,1083,00:03:31,F,LAUNCH_PAD,-0.8,26.1,101.2,3.9,0.0,-8.9,-0.2,0.4,-9.7,0.2,0.3,309.1,18:48:50,51.099998,33.385384,-117.495544,11,DROP!!!,2.1,TRUE,FALSE,FALSE,0.0,0.0,0.0
210,1083,00:03:32,F,LAUNCH_PAD,-0.8,26.1,101.2,3.9,0.2,3.1,-2.8,-0.6,-9.8,0.0,0.8,312.2,18:48:51,51.200001,33.385384,-117.495544,11,DROP!!!,2.1,TRUE,FALSE,FALSE,0.0,0.0,0.0
211,1083,00:03:33,F,LAUNCH_PAD,-0.5,26.1,101.2,3.9,0.1,10.1,-7.5,12.0,-8.0,-0.4,0.1,307.1,18:48:52,51.200001,33.385384,-117.495544,11,DROP!!!,2.1,TRUE,FALSE,FALSE,0.0,0.0,0.0
212,1083,00:03:34,F,LAUNCH_PAD,-1.1,26.1,101.2,3.9,0.0,-13.0,-3.9,12.1,-12.3,0.6,1.4,316.4,18:48:53,51.200001,33.385384,-117.495544,11,DROP!!!,2.1,TRUE,FALSE,FALSE,0.0,0.0,0.0
213,1083,00:03:35,F,LAUNCH_PAD,-0.5,26.1,101.2,3.9,0.2,18.2,3.9,7.8,-10.2,0.2,-0.0,314.3,18:48:54,51.200001,33.385384,-117.495544,11,DROP!!!,2.1,TRUE,FALSE,FALSE,0.0,0.0,0.0
214,1083,00:03:36,F,LAUNCH_PAD,-0.3,26.2,101.1,3.9,0.1,-21.6,7.8,-11.1,-9.6,0.2,-0.2,315.2,18:48:55,51.000000,33.385380,-117.495544,11,DROP!!!,2.1,TRUE,FALSE,FALSE,0.0,0.0,0.0
215,1083,00:03:37,F,LAUNCH_PAD,-0.1,26.2,101.1,3.9,0.3,11.2,1.8,10.0,-10.1,-0.1,-0.1,321.2,18:48:56,51.099998,33.385380,-117.495544,11,DROP!!!,2.1,TRUE,FALSE,FALSE,0.0,0.0,0.0
216,1083,00:03:38,F,LAUNCH_PAD,-0.9,26.2,101.1,3.9,0.0,-5.7,1.4,-2.2,-9.5,0.1,0.3,326.5,18:48:57,51.099998,33.385380,-117.495544,11,DROP!!!,2.1,TRUE,FALSE,FALSE,0.0,0.0,0.0
217,1083,00:03:39,F,LAUNCH_PAD,-0.4,26.2,101.1,3.9,0.2,6.7,-0.4,3.6,-9.8,0.0,0.1,325.8,18:48:58,51.099998,33.385380,-117.495544,11,DROP!!!,2.1,TRUE,FALSE,FALSE,0.0,0.0,0.0
218,1083,00:03:40,F,LAUNCH_PAD,-0.4,26.2,101.1,3.9,0.1,-4.2,-13.2,0.1,-9.7,0.1,0.7,326.8,18:48:59,51.099998,33.385380,-117.495544,11,DROP!!!,2.1,TRUE,FALSE,FALSE,0.0,0.0,0.0
219,1083,00:03:41,F,LAUNCH_PAD,-0.1,26.2,101.1,3.9,0.2,12.8,-1.7,1.2,-9.5,0.0,0.5,326.6,18:49:00,51.299999,33.385384,-117.495544,11,DROP!!!,2.1,TRUE,FALSE,FALSE,0.0,0.0,0.0
220,1083,00:03:42,F,LAUNCH_PAD,-0.8,26.3,101.2,3.9,0.1,-24.8,-5.6,-2.9,-9.4,-0.0,0.2,329.4,18:49:01,51.299999,33.385384,-117.495544,12,DROP!!!,2.1,TRUE,FALSE,FALSE,0.0,0.0,0.0
221,1083,00:03:43,F,LAUNCH_PAD,-0.4,26.3,101.1,3.9,0.0,0.1,0.4,-0.4,-9.6,0.1,0.5,323.4,18:49:02,51.200001,33.385384,-117.489998,12,DROP!!!,2.1,TRUE,FALSE,FALSE,0.0,0.0,0.0
222,1083,00:03:44,F,LAUNCH_PAD,-0.6,26.3,101.2,3.9,0.0,-0.0,0.0,0.1,-9.7,0.0,0.6,323.4,18:49:03,51.099998,33.385387,-117.495544,12,DROP!!!,2.1,TRUE,FALSE,FALSE,0.0,0.0,0.0
223,1083,00:03:45,F,LAUNCH_PAD,-0.8,26.3,101.2,3.9,0.1,0.1,0.1,0.6,-9.7,0.1,0.4,323.4,18:49:04,50.900002,33.385387,-117.495544,12,DROP!!!,2.1,TRUE,FALSE,FALSE,0.0,0.0,0.0
224,1083,00:03:46,F,LAUNCH_PAD,-0.7,26.3,101.2,3.9,0.0,-0.0,0.3,0.7,-9.6,0.3,0.4,323.4,18:49:05,51.400002,33.385387,-117.495544,12,DROP!!!,2.1,TRUE,FALSE,FALSE,0.0,0.0,0.0
225,1083,00:03:47,F,LAUNCH_PAD,-0.8,26.3,101.2,3.9,0.2,-0.1,-0.1,-0.1,-9.6,0.1,0.5,323.4,18:49:06,52.000000,33.385391,-117.495537,12,DROP!!!,2.1,TRUE,FALSE,FALSE,0.0,0.0,0.0
226,1083,00:03:48,F,LAUNCH_PAD,-0.5,26.3,101.1,3.9,0.1,7.6,-9.9,11.4,-10.6,-2.2,-0.3,324.1,18:49:07,52.500000,33.385387,-117.495537,12,DROP!!!,2.1,TRUE,FALSE,FALSE,0.0,0.0,0.0
227,1083,00:03:49,F,LAUNCH_PAD,-0.2,26.3,101.1,3.9,0.3,-0.0,0.2,0.2,-9.6,0.1,0.5,324.3,18:49:08,52.299999,33.385387,-117.495537,12,DROP!!!,2.1,TRUE,FALSE,FALSE,0.0,0.0,0.0
228,1083,00:03:50,F,LAUNCH_PAD,-0.5,26.3,101.2,3.9,0.0,-0.1,-0.1,-0.1,-9.6,0.1,0.5,324.3,18:49:09,52.099998,33.385384,-117.495537,12,DROP!!!,2.1,TRUE,FALSE,FALSE,0.0,0.0,0.0
229,1083,00:03:51,F,LAUNCH_PAD,-0.1,26.3,101.1,3.9,0.4,-0.1,0.2,1.4,-9.7,0.1,0.5,324.4,18:49:10,52.000000,33.385380,-117.495537,12,DROP!!!,2.1,TRUE,FALSE,FALSE,0.0,0.0,0.0
230,1083,00:03:52,F,LAUNCH_PAD,-0.7,26.3,101.2,3.9,0.0,-0.0,-0.2,0.1,-9.6,0.1,0.5,324.4,18:49:11,52.200001,33.385380,-117.495544,12,DROP!!!,2.1,TRUE,FALSE,FALSE,0.0,0.0,0.0
231,1083,00:03:53,F,LAUNCH_PAD,-0.7,26.3,101.2,3.9,0.0,-0.0,-0.1,0.1,-9.6,0.1,0.5,324.4,18:49:12,52.299999,33.385380,-117.495544,12,DROP!!!,2.1,TRUE,FALSE,FALSE,0.0,0.0,0.0
232,1083,00:03:54,F,LAUNCH_PAD,-0.4,26.3,101.2,3.9,0.0,0.1,0.0,0.2,-9.6,0.1,0.5,324.4,18:49:13,52.400002,33.385380,-117.495544,12,DROP!!!,2.1,TRUE,FALSE,FALSE,0.0,0.0,0.0
233,1083,00:03:55,F,LAUNCH_PAD,-0.6,26.3,101.2,3.9,0.2,-0.1,0.2,0.1,-9.7,0.1,0.5,324.4,18:49:14,52.299999,33.385380,-117.495544,12,DROP!!!,2.1,TRUE,FALSE,FALSE,0.0,0.0,0.0
234,1083,00:03:56,F,LAUNCH_PAD,-0.6,26.4,101.2,3.9,0.1,-0.1,0.2,-0.1,-9.6,0.1,0.5,324.6,18:49:15,52.000000,33.385380,-117.495544,12,DROP!!!,2.1,TRUE,FALSE,FALSE,0.0,0.0,0.0
235,1083,00:03:57,F,LAUNCH_PAD,-0.5,26.4,101.1,3.9,0.3,-0.1,-0.2,-0.6,-9.6,0.1,0.5,324.6,18:49:16,51.599998,33.385376,-117.495537,12,DROP!!!,2.1,TRUE,FALSE,FALSE,0.0,0.0,0.0
236,1083,00:03:58,F,LAUNCH_PAD,-0.3,26.4,101.1,3.9,0.0,-0.0,0.1,-0.2,-9.6,0.1,0.6,324.6,18:49:17,51.400002,33.385376,-117.495537,12,DROP!!!,2.1,TRUE,FALSE,FALSE,0.0,0.0,0.0
237,1083,00:03:59,F,LAUNCH_PAD,0.5,26.4,101.1,3.9,0.2,-0.1,0.0,-0.1,-9.6,0.1,0.5,324.6,18:49:18,51.400002,33.385380,-117.495537,12,DROP!!!,2.1,TRUE,FALSE,FALSE,0.0,0.0,0.0
238,1083,00:04:00,F,LAUNCH_PAD,-0.5,26.4,101.2,3.9,0.0,-0.0,0.1,-0.2,-9.6,0.1,0.5,324.6,18:49:19,51.099998,33.385376,-117.495537,12,DROP!!!,2.1,TRUE,FALSE,FALSE,0.0,0.0,0.0
239,1083,00:04:01,F,LAUNCH_PAD,-0.6,26.4,101.2,3.9,0.2,-0.0,0.0,0.4,-9.6,0.1,0.5,324.6,18:49:20,51.200001,33.385376,-117.495537,11,DROP!!!,2.1,TRUE,FALSE,FALSE,0.0,0.0,0.0
240,1083,00:04:02,F,LAUNCH_PAD,-0.3,26.4,101.1,3.9,0.0,-0.1,-0.1,-0.2,-9.6,0.1,0.5,324.6,18:49:21,51.299999,33.385376,-117.495537,12,DROP!!!,2.1,TRUE,FALSE,FALSE,0.0,0.0,0.0
241,1083,00:04:03,F,LAUNCH_PAD,-0.8,26.4,101.1,3.9,0.0,0.1,0.3,0.3,-9.6,0.2,0.4,324.6,18:49:22,51.599998,33.385376,-117.495537,12,DROP!!!,2.1,TRUE,FALSE,FALSE,0.0,0.0,0.0
242,1083,00:04:04,F,LAUNCH_PAD,0.0,26.4,101.1,3.9,0.3,-0.4,-13.6,3.2,-9.6,-0.5,0.3,348.9,18:49:23,51.500000,33.385376,-117.495537,12,DROP!!!,2.1,TRUE,FALSE,FALSE,0.0,0.0,0.0
243,1083,00:04:05,F,LAUNCH_PAD,0.1,26.4,101.1,3.9,0.2,38.4,-3.8,-3.3,-9.6,0.2,-0.1,336.0,18:49:24,51.200001,33.385376,-117.495537,12,DROP!!!,2.1,TRUE,FALSE,FALSE,0.0,0.0,0.0
244,1083,00:04:06,F,LAUNCH_PAD,-0.5,26.5,101.2,3.9,0.0,-0.6,-3.6,-6.6,-9.1,0.0,0.1,344.7,18:49:25,51.099998,33.385376,-117.495537,12,DROP!!!,2.1,TRUE,FALSE,FALSE,0.0,0.0,0.0
245,1083,00:04:07,F,LAUNCH_PAD,-0.6,26.4,101.2,3.9,0.0,-0.1,0.0,-0.2,-9.6,0.1,0.6,344.7,18:49:26,51.099998,33.385376,-117.495537,12,DROP!!!,2.1,TRUE,FALSE,FALSE,0.0,0.0,0.0
246,1083,00:04:08,F,LAUNCH_PAD,0.6,26.4,101.1,3.9,0.0,-0.0,0.2,-0.1,-9.6,0.1,0.6,344.7,18:49:27,51.099998,33.385376,-117.495537,12,DROP!!!,2.1,TRUE,FALSE,FALSE,0.0,0.0,0.0
247,1083,00:04:09,F,LAUNCH_PAD,-0.5,26.4,101.1,3.9,0.0,-0.1,-0.2,0.4,-9.7,0.1,0.6,344.7,18:49:28,51.099998,33.385376,-117.495537,12,DROP!!!,2.1,TRUE,FALSE,FALSE,0.0,0.0,0.0
248,1083,00:04:10,F,LAUNCH_PAD,-1.0,26.4,101.2,3.9,0.0,-0.0,0.0,-0.0,-9.6,0.1,0.6,344.7,18:49:29,51.000000,33.385376,-117.495537,12,DROP!!!,2.1,TRUE,FALSE,FALSE,0.0,0.0,0.0
249,1083,00:04:11,F,LAUNCH_PAD,0.2,26.4,101.1,3.9,0.1,0.1,0.0,0.1,-9.6,0.1,0.6,344.7,18:49:30,50.799999,33.385376,-117.495537,12,DROP!!!,2.1,TRUE,FALSE,FALSE,0.0,0.0,0.0
250,1083,00:04:12,F,LAUNCH_PAD,-0.3,26.3,101.1,3.9,0.0,-0.1,-0.1,0.5,-9.6,0.1,0.6,344.7,18:49:31,50.799999,33.385376,-117.495537,12,DROP!!!,2.1,TRUE,FALSE,FALSE,0.0,0.0,0.0
251,1083,00:04:13,F,LAUNCH_PAD,-0.3,26.3,101.1,3.9,0.0,-0.1,0.1,0.1,-9.6,0.1,0.6,344.6,18:49:32,50.700001,33.385372,-117.495537,12,DROP!!!,2.1,TRUE,FALSE,FALSE,0.0,0.0,0.0
252,1083,00:04:14,F,LAUNCH_PAD,0.2,26.3,101.1,3.9,0.0,0.1,-0.1,-0.1,-9.6,0.1,0.6,344.6,18:49:33,50.500000,33.385372,-117.495537,12,DROP!!!,2.1,TRUE,FALSE,FALSE,0.0,0.0,0.0
253,1083,00:04:15,F,LAUNCH_PAD,-0.3,26.3,101.1,3.9,0.3,0.1,0.1,0.1,-9.6,0.1,0.6,344.6,18:49:34,50.599998,33.385372,-117.495537,12,DROP!!!,2.1,TRUE,FALSE,FALSE,0.0,0.0,0.0
254,1083,00:04:16,F,LAUNCH_PAD,-0.4,26.4,101.1,3.9,0.0,0.1,0.0,-0.4,-9.6,0.1,0.6,344.6,18:49:35,50.599998,33.385372,-117.495537,12,DROP!!!,2.1,TRUE,FALSE,FALSE,0.0,0.0,0.0
255,1083,00:04:17,F,LAUNCH_PAD,0.2,26.4,101.1,3.9,0.2,-0.1,0.0,-0.1,-9.6,0.1,0.6,344.6,18:49:36,50.599998,33.385372,-117.495537,12,DROP!!!,2.1,TRUE,FALSE,FALSE,0.0,0.0,0.0
256,1083,00:04:18,F,LAUNCH_PAD,-0.6,26.4,101.2,3.9,0.0,-0.0,-0.1,-0.0,-9.6,0.0,0.6,344.6,18:49:37,50.599998,33.385372,-117.495537,12,DROP!!!,2.1,TRUE,FALSE,FALSE,0.0,0.0,0.0
257,1083,00:04:19,F,LAUNCH_PAD,-0.6,26.4,101.2,3.9,0.1,-0.0,0.0,-0.1,-9.6,0.1,0.6,344.6,18:49:38,50.700001,33.385372,-117.495537,12,DROP!!!,2.1,TRUE,FALSE,FALSE,0.0,0.0,0.0
258,1083,00:04:20,F,LAUNCH_PAD,-0.4,26.3,101.1,3.9,0.0,-0.1,-0.1,-0.1,-9.6,0.0,0.6,344.6,18:49:39,50.799999,33.385372,-117.495537,12,DROP!!!,2.1,TRUE,FALSE,FALSE,0.0,0.0,0.0
259,1083,00:04:21,F,LAUNCH_PAD,0.0,26.3,101.1,3.9,0.0,-0.0,0.2,-0.1,-9.6,0.0,0.6,344.6,18:49:40,50.500000,33.385372,-117.495537,12,DROP!!!,2.1,TRUE,FALSE,FALSE,0.0,0.0,0.0
260,1083,00:04:22,F,LAUNCH_PAD,-0.7,26.3,101.2,3.9,0.0,-0.0,0.3,-0.2,-9.6,0.0,0.6,344.6,18:49:41,50.700001,33.385372,-117.495537,12,DROP!!!,2.1,TRUE,FALSE,FALSE,0.0,0.0,0.0
261,1083,00:04:23,F,LAUNCH_PAD,-0.5,26.3,101.1,3.9,0.4,-0.1,-0.1,-0.1,-9.6,0.0,0.6,344.6,18:49:42,50.700001,33.385372,-117.495537,12,DROP!!!,2.1,TRUE,FALSE,FALSE,0.0,0.0,0.0
262,1083,00:04:24,F,LAUNCH_PAD,-0.1,26.3,101.1,3.9,0.0,-0.1,0.1,-0.3,-9.6,0.1,0.6,344.6,18:49:43,50.700001,33.385372,-117.495537,12,DROP!!!,2.1,TRUE,FALSE,FALSE,0.0,0.0,0.0
263,1083,00:04:25,F,LAUNCH_PAD,-0.8,26.3,101.2,3.9,0.2,0.1,0.1,-0.2,-9.6,0.1,0.6,344.6,18:49:44,50.799999,33.385372,-117.495537,11,DROP!!!,2.1,TRUE,FALSE,FALSE,0.0,0.0,0.0
264,1083,00:04:26,F,LAUNCH_PAD,-0.1,26.3,101.1,3.9,0.0,-0.1,0.0,-0.0,-9.6,0.0,0.6,344.6,18:49:45,51.000000,33.385372,-117.495537,12,DROP!!!,2.1,TRUE,FALSE,FALSE,0.0,0.0,0.0
265,1083,00:04:27,F,LAUNCH_PAD,-0.0,26.3,101.1,3.9,0.2,-0.0,-0.1,-0.2,-9.6,0.1,0.6,344.6,18:49:46,51.099998,33.385376,-117.495537,12,DROP!!!,2.1,TRUE,FALSE,FALSE,0.0,0.0,0.0
266,1083,00:04:28,F,LAUNCH_PAD,0.8,26.3,101.1,3.9,0.0,0.1,0.2,-0.0,-9.6,0.0,0.6,344.6,18:49:47,50.900002,33.385372,-117.495537,12,DROP!!!,2.1,TRUE,FALSE,FALSE,0.0,0.0,0.0
267,1083,00:04:29,F,LAUNCH_PAD,-0.0,26.3,101.1,3.9,0.0,-0.0,0.1,0.2,-9.6,0.1,0.6,344.6,18:49:48,50.900002,33.385372,-117.495537,12,DROP!!!,2.1,TRUE,FALSE,FALSE,0.0,0.0,0.0
268,1083,00:04:30,F,LAUNCH_PAD,-0.1,26.3,101.1,3.9,0.0,0.1,0.2,0.1,-9.6,0.1,0.6,344.6,18:49:49,51.000000,33.385372,-117.495537,11,DROP!!!,2.1,TRUE,FALSE,FALSE,0.0,0.0,0.0
269,1083,00:04:31,F,LAUNCH_PAD,-0.2,26.3,101.1,3.9,0.0,-0.1,-0.1,0.1,-9.6,0.0,0.6,344.6,18:49:50,50.900002,33.385372,-117.495537,11,DROP!!!,2.1,TRUE,FALSE,FALSE,0.0,0.0,0.0
270,1083,00:04:32,F,LAUNCH_PAD,-0.3,26.3,101.1,3.9,0.0,0.1,0.2,-0.1,-9.6,0.1,0.6,344.6,18:49:51,50.799999,33.385372,-117.495537,12,DROP!!!,2.1,TRUE,FALSE,FALSE,0.0,0.0,0.0
271,1083,00:04:33,F,LAUNCH_PAD,0.1,26.3,101.1,3.9,0.0,-0.1,-0.1,0.1,-9.6,0.1,0.6,344.6,18:49:52,50.900002,33.385372,-117.495537,12,DROP!!!,2.1,TRUE,FALSE,FALSE,0.0,0.0,0.0
272,1083,00:04:34,F,LAUNCH_PAD,0.1,26.3,101.1,3.9,0.0,-0.1,-0.1,-0.1,-9.6,0.1,0.6,344.6,18:49:53,51.099998,33.385372,-117.495537,12,DROP!!!,2.1,TRUE,FALSE,FALSE,0.0,0.0,0.0
273,1083,00:04:35,F,LAUNCH_PAD,0.0,26.3,101.1,3.9,0.0,-0.0,-0.1,0.2,-9.6,0.1,0.7,344.6,18:49:54,50.900002,33.385372,-117.495537,11,DROP!!!,2.1,TRUE,FALSE,FALSE,0.0,0.0,0.0
274,1083,00:04:36,F,LAUNCH_PAD,-0.4,26.3,101.1,3.9,0.0,-0.1,0.0,-0.1,-9.6,0.1,0.6,344.6,18:49:55,50.900002,33.385372,-117.495537,12,DROP!!!,2.1,TRUE,FALSE,FALSE,0.0,0.0,0.0
275,1083,00:04:37,F,LAUNCH_PAD,-0.0,26.3,101.1,3.9,0.0,-0.1,0.2,-0.1,-9.6,0.1,0.6,344.6,18:49:56,50.900002,33.385372,-117.495537,12,DROP!!!,2.1,TRUE,FALSE,FALSE,0.0,0.0,0.0
276,1083,00:04:38,F,LAUNCH_PAD,0.1,26.3,101.1,3.9,0.0,-0.0,-0.2,-0.1,-9.6,0.0,0.6,344.6,18:49:58,50.799999,33.385368,-117.495537,12,DROP!!!,2.1,TRUE,FALSE,FALSE,0.0,0.0,0.0
277,1083,00:04:39,F,LAUNCH_PAD,0.2,26.3,101.1,3.9,0.1,0.1,0.1,0.1,-9.6,0.1,0.6,344.6,18:49:59,51.000000,33.385372,-117.495537,12,DROP!!!,2.1,TRUE,FALSE,FALSE,0.0,0.0,0.0
278,1083,00:04:40,F,LAUNCH_PAD,0.1,26.3,101.1,3.9,0.0,-0.1,0.1,0.2,-9.6,0.0,0.6,344.6,18:50:00,51.200001,33.385372,-117.495537,12,DROP!!!,2.1,TRUE,FALSE,FALSE,0.0,0.0,0.0
279,1083,00:04:41,F,LAUNCH_PAD,-0.0,26.3,101.1,3.9,0.1,-0.1,0.1,0.1,-9.6,0.0,0.6,344.6,18:50:01,51.200001,33.385372,-117.495537,12,DROP!!!,2.1,TRUE,FALSE,FALSE,0.0,0.0,0.0
280,1083,00:04:42,F,LAUNCH_PAD,-1.0,26.3,101.2,3.9,0.0,0.1,-0.1,0.2,-9.6,0.1,0.6,344.6,18:05:00,51.400002,33.385372,-117.495537,12,DROP!!!,2.1,TRUE,FALSE,FALSE,0.0,0.0,0.0
281,1083,00:04:43,F,LAUNCH_PAD,-0.2,26.3,101.1,3.9,0.2,-0.0,0.1,0.1,-9.6,0.0,0.6,344.6,18:50:03,51.299999,33.385372,-117.495537,11,DROP!!!,2.1,TRUE,FALSE,FALSE,0.0,0.0,0.0
282,1083,00:04:44,F,LAUNCH_PAD,0.0,26.3,101.1,3.9,0.0,-0.0,-0.1,-1.3,-9.5,0.1,0.8,344.6,18:50:04,51.200001,33.385372,-117.495537,12,DROP!!!,2.1,TRUE,FALSE,FALSE,0.0,0.0,0.0
283,1083,00:04:45,F,LAUNCH_PAD,0.2,26.3,101.1,3.9,0.0,0.1,0.0,0.1,-9.6,0.1,0.6,344.6,18:50:05,51.299999,33.385372,-117.495537,11,DROP!!!,2.1,TRUE,FALSE,FALSE,0.0,0.0,0.0
284,1083,00:04:46,F,LAUNCH_PAD,0.2,26.2,101.1,3.9,0.0,0.1,0.1,0.2,-9.6,0.1,0.6,344.6,18:50:06,51.299999,33.385372,-117.495537,12,DROP!!!,2.1,TRUE,FALSE,FALSE,0.0,0.0,0.0
285,1083,00:04:47,F,LAUNCH_PAD,-0.5,26.2,101.2,3.9,0.4,-0.1,0.1,0.3,-9.6,0.0,0.6,344.6,18:50:07,51.200001,33.385372,-117.495537,12,DROP!!!,2.1,TRUE,FALSE,FALSE,0.0,0.0,0.0
286,1083,00:04:48,F,LAUNCH_PAD,-0.8,26.2,101.2,3.9,0.0,-0.1,-0.2,0.1,-9.6,0.0,0.6,344.6,18:50:08,51.200001,33.385372,-117.495537,12,DROP!!!,2.1,TRUE,FALSE,FALSE,0.0,0.0,0.0
287,1083,00:04:49,F,LAUNCH_PAD,-0.1,26.1,101.1,3.9,0.1,0.1,-0.1,-0.1,-9.7,-0.0,0.6,344.6,18:50:09,51.200001,33.385372,-117.495537,12,DROP!!!,2.1,TRUE,FALSE,FALSE,0.0,0.0,0.0
288,1083,00:04:50,F,LAUNCH_PAD,-0.4,26.1,101.1,3.9,0.0,-0.0,-0.1,-0.2,-9.6,0.0,0.6,344.6,18:50:10,51.200001,33.385372,-117.495537,12,DROP!!!,2.1,TRUE,FALSE,FALSE,0.0,0.0,0.0
289,1083,00:04:51,F,LAUNCH_PAD,-0.5,26.1,101.2,3.9,0.2,-0.1,0.1,1.1,-9.6,0.1,0.5,344.6,18:50:11,51.099998,33.385372,-117.495537,12,DROP!!!,2.1,TRUE,FALSE,FALSE,0.0,0.0,0.0
290,1083,00:04:52,F,LAUNCH_PAD,-0.6,26.2,101.2,3.9,0.0,-0.1,0.6,0.1,-9.5,-0.1,0.6,344.6,18:50:12,51.099998,33.385372,-117.495537,12,DROP!!!,2.1,TRUE,FALSE,FALSE,0.0,0.0,0.0
291,1083,00:04:53,F,LAUNCH_PAD,-0.8,26.2,101.2,3.9,0.3,-0.0,0.1,0.5,-9.6,0.1,0.5,344.6,18:50:13,51.200001,33.385372,-117.495537,11,DROP!!!,2.1,TRUE,FALSE,FALSE,0.0,0.0,0.0
292,1083,00:04:54,F,LAUNCH_PAD,-0.3,26.2,101.1,3.9,0.0,0.1,0.7,-0.9,-9.6,-0.0,0.7,344.6,18:50:14,51.200001,33.385372,-117.495537,11,DROP!!!,2.1,TRUE,FALSE,FALSE,0.0,0.0,0.0
293,1083,00:04:55,F,LAUNCH_PAD,-0.5,26.2,101.2,3.9,0.3,0.1,0.1,0.1,-9.6,0.1,0.6,344.6,18:50:15,51.200001,33.385372,-117.495537,12,DROP!!!,2.1,TRUE,FALSE,FALSE,0.0,0.0,0.0
294,1083,00:04:56,F,LAUNCH_PAD,-0.4,26.2,101.1,3.9,0.1,0.1,-0.1,0.1,-9.6,0.2,0.7,344.1,18:50:16,51.200001,33.385372,-117.495537,12,DROP!!!,2.1,TRUE,FALSE,FALSE,0.0,0.0,0.0
295,1083,00:04:57,F,LAUNCH_PAD,0.4,26.2,101.1,3.9,0.3,-0.1,0.1,0.1,-9.6,0.0,0.6,344.1,18:50:17,51.299999,33.385372,-117.495537,12,DROP!!!,2.1,TRUE,FALSE,FALSE,0.0,0.0,0.0
296,1083,00:04:58,F,LAUNCH_PAD,0.1,26.2,101.1,3.9,0.0,-0.0,0.0,-0.1,-9.6,0.1,0.6,344.1,18:50:18,51.400002,33.385372,-117.495537,12,DROP!!!,2.1,TRUE,FALSE,FALSE,0.0,0.0,0.0
297,1083,00:04:59,F,LAUNCH_PAD,-0.4,26.2,101.1,3.9,0.3,-0.0,0.4,-0.1,-9.6,0.1,0.6,344.1,18:50:19,51.400002,33.385372,-117.495537,12,DROP!!!,2.1,TRUE,FALSE,FALSE,0.0,0.0,0.0
298,1083,00:05:00,F,LAUNCH_PAD,0.1,26.2,101.1,3.9,0.0,-0.0,-0.1,-0.4,-9.6,0.1,0.6,344.1,18:50:20,51.599998,33.385372,-117.495537,12,DROP!!!,2.1,TRUE,FALSE,FALSE,0.0,0.0,0.0
299,1083,00:05:01,F,LAUNCH_PAD,-0.3,26.2,101.1,3.9,0.1,-4.4,5.6,-6.5,-8.8,-0.3,0.2,345.4,18:50:21,51.599998,33.385376,-117.495537,11,DROP!!!,2.1,TRUE,FALSE,FALSE,0.0,0.0,0.0
300,1083,00:05:02,F,LAUNCH_PAD,-0.2,26.2,101.2,3.9,0.0,0.1,-0.1,-0.1,-9.6,0.1,0.6,345.3,18:50:22,51.500000,33.385376,-117.495537,1,DROP!!!,2.1,TRUE,FALSE,FALSE,0.0,0.0,0.0
301,1083,00:05:03,F,LAUNCH_PAD,-0.3,26.2,101.1,3.9,0.1,-0.0,0.0,0.2,-9.7,0.3,0.8,345.3,18:50:23,51.599998,33.385376,-117.495537,12,DROP!!!,2.1,TRUE,FALSE,FALSE,0.0,0.0,0.0
302,1083,00:05:04,F,LAUNCH_PAD,-0.6,26.2,101.2,3.9,0.0,-0.1,0.2,0.1,-9.6,0.0,0.6,345.7,18:50:24,51.599998,33.385376,-117.495537,12,DROP!!!,2.1,TRUE,FALSE,FALSE,0.0,0.0,0.0
303,1083,00:05:05,F,LAUNCH_PAD,-0.9,26.2,101.2,3.9,0.2,-0.0,-0.1,-0.0,-9.6,0.1,0.6,345.7,18:50:25,51.599998,33.385380,-117.495537,12,DROP!!!,2.1,TRUE,FALSE,FALSE,0.0,0.0,0.0
304,1083,00:05:06,F,LAUNCH_PAD,-0.7,26.2,101.2,3.9,0.0,-0.1,-0.1,0.1,-9.6,0.0,0.6,345.7,18:50:26,51.700001,33.385380,-117.495537,12,DROP!!!,2.1,TRUE,FALSE,FALSE,0.0,0.0,0.0
305,1083,00:05:07,F,LAUNCH_PAD,-0.8,26.2,101.2,3.9,0.4,-0.1,0.0,-0.2,-9.6,0.0,0.6,345.7,18:50:27,51.599998,33.385380,-117.495529,12,DROP!!!,2.1,TRUE,FALSE,FALSE,0.0,0.0,0.0
306,1083,00:05:08,F,LAUNCH_PAD,-0.4,26.2,101.1,3.9,0.0,-0.0,-0.1,0.1,-9.6,0.1,0.6,345.7,18:50:28,51.500000,33.385380,-117.495529,12,DROP!!!,2.1,TRUE,FALSE,FALSE,0.0,0.0,0.0
307,1083,00:05:09,F,LAUNCH_PAD,-0.9,26.2,101.2,3.9,0.0,-0.1,-0.2,0.2,-9.6,0.0,0.6,345.7,18:50:29,51.500000,33.385380,-117.495529,12,DROP!!!,2.1,TRUE,FALSE,FALSE,0.0,0.0,0.0
308,1083,00:05:10,F,LAUNCH_PAD,-0.7,26.2,101.2,3.9,0.0,-0.0,0.1,-0.0,-9.6,0.0,0.6,345.7,18:50:30,51.500000,33.385380,-117.495529,12,DROP!!!,2.1,TRUE,FALSE,FALSE,0.0,0.0,0.0
309,1083,00:05:11,F,LAUNCH_PAD,-0.2,26.2,101.1,3.9,0.1,-0.0,0.1,0.1,-9.6,-0.0,0.6,345.7,18:50:31,51.500000,33.385376,-117.495529,12,DROP!!!,2.1,TRUE,FALSE,FALSE,0.0,0.0,0.0
310,1083,00:05:12,F,LAUNCH_PAD,-0.3,26.2,101.1,3.9,0.0,-0.1,-0.1,0.2,-9.6,0.0,0.6,345.7,18:50:32,51.599998,33.385380,-117.495529,12,DROP!!!,2.1,TRUE,FALSE,FALSE,0.0,0.0,0.0
311,1083,00:05:13,F,LAUNCH_PAD,-0.2,26.2,101.1,3.9,0.1,-0.1,0.6,0.1,-9.7,0.0,0.8,345.7,18:50:33,51.500000,33.385376,-117.495529,12,DROP!!!,2.1,TRUE,FALSE,FALSE,0.0,0.0,0.0
312,1083,00:05:14,F,LAUNCH_PAD,-0.1,26.2,101.1,3.9,0.0,-0.0,-0.2,-0.0,-9.6,0.0,0.6,345.7,18:50:34,51.500000,33.385376,-117.495529,12,DROP!!!,2.1,TRUE,FALSE,FALSE,0.0,0.0,0.0
313,1083,00:05:15,F,LAUNCH_PAD,-0.2,26.3,101.1,3.9,0.2,-0.1,0.2,-0.1,-9.6,0.0,0.6,345.7,18:50:35,51.500000,33.385376,-117.495529,11,DROP!!!,2.1,TRUE,FALSE,FALSE,0.0,0.0,0.0
314,1083,00:05:16,F,LAUNCH_PAD,0.1,26.3,101.1,3.9,0.0,-0.0,0.1,0.6,-9.5,0.0,0.7,345.7,18:50:36,51.500000,33.385380,-117.495529,12,DROP!!!,2.1,TRUE,FALSE,FALSE,0.0,0.0,0.0
315,1083,00:05:17,F,LAUNCH_PAD,-0.1,26.3,101.1,3.9,0.2,0.1,-0.1,-0.1,-9.6,0.0,0.6,345.7,18:50:37,51.400002,33.385376,-117.495529,12,DROP!!!,2.1,TRUE,FALSE,FALSE,0.0,0.0,0.0
316,1083,00:05:18,F,LAUNCH_PAD,-0.4,26.3,101.2,3.9,0.0,-0.0,0.0,-0.1,-9.6,0.0,0.6,345.7,18:50:38,51.099998,33.385376,-117.495522,11,DROP!!!,2.1,TRUE,FALSE,FALSE,0.0,0.0,0.0
317,1083,00:05:19,F,LAUNCH_PAD,-0.5,26.3,101.2,3.9,0.0,-0.2,-0.1,-0.1,-9.6,0.0,0.6,345.7,18:50:39,51.099998,33.385376,-117.495522,12,DROP!!!,2.1,TRUE,FALSE,FALSE,0.0,0.0,0.0
318,1083,00:05:20,F,LAUNCH_PAD,-0.4,26.3,101.1,3.9,0.0,0.1,0.8,-0.0,-9.6,0.1,0.6,345.2,18:50:40,51.099998,33.385376,-117.495522,11,DROP!!!,2.1,TRUE,FALSE,FALSE,0.0,0.0,0.0
319,1083,00:05:21,F,LAUNCH_PAD,-0.6,26.3,101.2,3.9,0.1,-0.0,0.2,-0.1,-9.6,0.0,0.6,345.2,18:50:41,51.099998,33.385376,-117.495522,12,DROP!!!,2.1,TRUE,FALSE,FALSE,0.0,0.0,0.0
320,1083,00:05:22,F,LAUNCH_PAD,0.2,26.3,101.1,3.9,0.0,0.1,0.1,0.4,-9.7,0.1,0.6,345.2,18:50:42,51.099998,33.385376,-117.495522,12,DROP!!!,2.1,TRUE,FALSE,FALSE,0.0,0.0,0.0
321,1083,00:05:23,F,LAUNCH_PAD,-0.8,26.3,101.2,3.9,0.2,-0.1,0.1,-0.0,-9.7,0.0,0.6,345.2,18:50:43,51.200001,33.385376,-117.495522,12,DROP!!!,2.1,TRUE,FALSE,FALSE,0.0,0.0,0.0
322,1083,00:05:24,F,LAUNCH_PAD,-0.5,26.3,101.2,3.9,0.0,-0.0,0.4,0.8,-9.6,0.1,0.6,345.2,18:50:44,51.099998,33.385376,-117.495522,12,DROP!!!,2.1,TRUE,FALSE,FALSE,0.0,0.0,0.0
323,1083,00:05:25,F,LAUNCH_PAD,-0.6,26.3,101.2,3.9,0.2,-0.0,-0.1,-0.2,-9.6,0.0,0.6,345.2,18:50:45,51.000000,33.385376,-117.495522,11,DROP!!!,2.1,TRUE,FALSE,FALSE,0.0,0.0,0.0
324,1083,00:05:26,F,LAUNCH_PAD,-0.4,26.3,101.1,3.9,0.0,0.1,-0.2,-0.3,-9.6,0.0,0.6,345.2,18:50:46,51.099998,33.385376,-117.495522,12,DROP!!!,2.1,TRUE,FALSE,FALSE,0.0,0.0,0.0
325,1083,00:05:27,F,LAUNCH_PAD,-0.4,26.3,101.2,3.9,0.2,-0.0,0.1,0.1,-9.6,0.1,0.6,345.2,18:50:47,51.099998,33.385376,-117.495522,12,DROP!!!,2.1,TRUE,FALSE,FALSE,0.0,0.0,0.0
326,1083,00:05:28,F,LAUNCH_PAD,-0.1,26.3,101.1,3.9,0.0,0.1,0.0,-0.6,-9.6,0.0,0.6,345.2,18:50:48,51.000000,33.385376,-117.495522,12,DROP!!!,2.1,TRUE,FALSE,FALSE,0.0,0.0,0.0
327,1083,00:05:29,F,LAUNCH_PAD,-0.7,26.3,101.2,3.9,0.2,-0.0,-0.1,0.2,-9.6,0.1,0.6,345.2,18:50:49,51.000000,33.385376,117.495522,12,DROP!!!,2.1,TRUE,FALSE,FALSE,0.0,0.0,0.0
328,1083,00:05:30,F,LAUNCH_PAD,0.1,26.3,101.1,3.9,0.0,-0.0,0.2,-0.1,-9.6,0.1,0.6,345.2,18:50:50,51.099998,33.385380,-117.495522,11,DROP!!!,2.1,TRUE,FALSE,FALSE,0.0,0.0,0.0
329,1083,00:05:31,F,LAUNCH_PAD,-0.3,26.3,101.1,3.9,0.3,0.1,0.2,-0.1,-9.6,0.0,0.6,345.2,18:50:51,51.099998,33.385380,-117.495522,12,DROP!!!,2.1,TRUE,FALSE,FALSE,0.0,0.0,0.0
330,1083,00:05:32,F,LAUNCH_PAD,-0.6,26.4,101.2,3.9,0.0,0.1,-0.2,0.2,-9.6,0.1,0.7,345.2,18:50:52,51.099998,33.385380,-117.495522,12,DROP!!!,2.1,TRUE,FALSE,FALSE,0.0,0.0,0.0
331,1083,00:05:33,F,LAUNCH_PAD,-0.7,26.4,101.2,3.9,0.4,0.1,0.4,-0.5,-9.6,0.1,0.6,345.2,18:50:53,51.099998,33.385380,-117.495522,12,DROP!!!,2.1,TRUE,FALSE,FALSE,0.0,0.0,0.0
332,1083,00:05:34,F,LAUNCH_PAD,-0.1,26.4,101.1,3.9,0.0,46.1,-17.8,9.2,-9.1,-0.8,-0.7,2.7,18:50:54,51.000000,33.385380,-117.495522,12,DROP!!!,2.1,TRUE,FALSE,FALSE,0.0,0.0,0.0
333,1083,00:05:35,F,LAUNCH_PAD,0.0,26.4,101.1,3.9,0.0,-2.9,-22.8,-31.2,-12.3,-3.2,2.3,326.7,18:50:55,51.099998,33.385380,-117.495522,12,DROP!!!,2.1,TRUE,FALSE,FALSE,0.0,0.0,0.0
334,1083,00:05:36,F,LAUNCH_PAD,-0.3,26.4,101.1,3.9,0.0,-0.0,-0.2,-0.2,-9.6,0.0,0.6,328.1,18:50:56,51.099998,33.385380,-117.495522,12,DROP!!!,2.1,TRUE,FALSE,FALSE,0.0,0.0,0.0
335,1083,00:05:37,F,LAUNCH_PAD,-0.6,26.3,101.2,3.9,0.0,-106.6,-7.8,-5.6,-9.9,0.1,2.5,319.9,18:50:57,51.099998,33.385380,-117.495522,12,DROP!!!,2.1,TRUE,FALSE,FALSE,0.0,0.0,0.0
336,1083,00:05:38,F,LAUNCH_PAD,-0.8,26.2,101.2,3.9,0.0,-0.1,-0.1,0.2,-9.6,0.3,0.5,306.5,18:50:58,51.000000,33.385380,-117.495522,12,DROP!!!,2.1,TRUE,FALSE,FALSE,0.0,0.0,0.0
337,1083,00:05:39,F,LAUNCH_PAD,0.3,26.2,101.1,3.9,0.2,-20.0,1.8,3.4,-8.9,0.2,0.7,310.5,18:50:59,51.000000,33.385380,-117.495522,12,DROP!!!,2.1,TRUE,FALSE,FALSE,0.0,0.0,0.0
338,1083,00:05:40,F,LAUNCH_PAD,-0.1,26.2,101.1,3.9,0.1,4.2,-9.3,-13.6,-9.6,-0.0,0.2,304.2,18:51:00,51.200001,33.385380,-117.495522,12,DROP!!!,2.1,TRUE,FALSE,FALSE,0.0,0.0,0.0
339,1083,00:05:41,F,LAUNCH_PAD,-0.0,26.2,101.1,3.9,0.1,2.9,-12.9,11.8,-9.3,0.0,0.2,304.6,18:51:01,51.599998,33.385380,-117.495522,12,DROP!!!,2.1,TRUE,FALSE,FALSE,0.0,0.0,0.0
340,1083,00:05:42,F,LAUNCH_PAD,-0.0,26.3,101.1,3.9,0.0,-0.6,-7.9,-8.7,-9.6,-0.1,0.6,307.9,18:51:02,51.500000,33.385380,-117.495522,12,DROP!!!,2.1,TRUE,FALSE,FALSE,0.0,0.0,0.0
341,1083,00:05:43,F,LAUNCH_PAD,-0.0,26.3,101.1,3.9,0.2,17.8,-6.2,7.9,-9.6,0.1,0.8,305.8,18:51:03,51.500000,33.385380,-117.495522,12,DROP!!!,2.1,TRUE,FALSE,FALSE,0.0,0.0,0.0
342,1083,00:05:44,F,LAUNCH_PAD,0.3,26.3,101.1,3.9,0.2,-33.6,3.6,-5.8,-9.5,0.2,0.8,301.8,18:51:04,51.500000,33.385380,-117.495522,12,DROP!!!,2.1,TRUE,FALSE,FALSE,0.0,0.0,0.0
343,1083,00:05:45,F,LAUNCH_PAD,-0.1,26.3,101.1,3.9,0.2,10.3,-6.6,4.2,-9.6,0.4,0.8,305.6,18:51:05,51.400002,33.385380,-117.495522,12,DROP!!!,2.1,TRUE,FALSE,FALSE,0.0,0.0,0.0
344,1083,00:05:46,F,LAUNCH_PAD,-0.3,26.3,101.1,3.9,0.0,-6.5,2.3,-8.1,-9.4,0.1,1.5,306.6,18:51:06,51.400002,33.385380,-117.495522,12,DROP!!!,2.1,TRUE,FALSE,FALSE,0.0,0.0,0.0
345,1083,00:05:47,F,LAUNCH_PAD,-0.0,26.3,101.1,3.9,0.0,3.2,8.4,6.6,-9.7,0.1,1.4,300.6,18:51:07,51.400002,33.385380,-117.495522,12,DROP!!!,2.1,TRUE,FALSE,FALSE,0.0,0.0,0.0
346,1083,00:05:48,F,LAUNCH_PAD,-0.2,26.3,101.1,3.9,0.2,17.1,4.2,-0.7,-9.6,0.1,1.1,298.8,18:51:08,51.400002,33.385380,-117.495522,12,DROP!!!,2.1,TRUE,FALSE,FALSE,0.0,0.0,0.0
347,1083,00:05:49,F,LAUNCH_PAD,-0.2,26.3,101.1,3.9,0.1,-18.4,2.4,0.5,-8.2,0.0,0.7,301.6,18:51:09,51.400002,33.385376,-117.495522,12,DROP!!!,2.1,TRUE,FALSE,FALSE,0.0,0.0,0.0
348,1083,00:05:50,F,LAUNCH_PAD,-1.1,26.2,101.2,3.9,0.1,21.2,1.8,0.9,-9.6,-0.1,0.9,304.7,18:51:10,51.400002,33.385376,-117.495522,12,DROP!!!,2.1,TRUE,FALSE,FALSE,0.0,0.0,0.0
349,1083,00:05:51,F,LAUNCH_PAD,-0.1,26.2,101.1,3.9,0.2,-24.0,-0.2,-3.5,-9.4,-0.0,0.9,301.1,18:51:11,51.400002,33.385376,-117.495522,12,DROP!!!,2.1,TRUE,FALSE,FALSE,0.0,0.0,0.0
350,1083,00:05:52,F,LAUNCH_PAD,-0.4,26.1,101.2,3.9,0.2,16.4,3.6,5.9,-9.5,0.5,0.8,301.6,18:51:12,51.500000,33.385376,-117.495522,12,DROP!!!,2.1,TRUE,FALSE,FALSE,0.0,0.0,0.0
351,1083,00:05:53,F,LAUNCH_PAD,-0.3,26.1,101.1,3.9,0.2,-11.2,4.8,-1.2,-9.7,0.3,0.7,305.1,18:51:13,51.500000,33.385376,-117.495522,12,DROP!!!,2.1,TRUE,FALSE,FALSE,0.0,0.0,0.0
352,1083,00:05:54,F,LAUNCH_PAD,-0.2,26.0,101.1,3.9,0.0,14.2,-0.3,3.4,-9.7,0.5,0.9,307.7,18:51:14,51.500000,33.385380,-117.495522,12,DROP!!!,2.1,TRUE,FALSE,FALSE,0.0,0.0,0.0
353,1083,00:05:55,F,LAUNCH_PAD,-0.6,26.0,101.2,3.9,0.3,-8.9,-0.6,2.4,-9.7,-0.1,0.6,305.1,18:51:15,51.500000,33.385376,-117.495522,12,DROP!!!,2.1,TRUE,FALSE,FALSE,0.0,0.0,0.0
354,1083,00:05:56,F,LAUNCH_PAD,-1.1,25.9,101.2,3.9,0.1,0.1,2.7,3.3,-9.6,0.3,0.5,305.1,18:51:16,51.400002,33.385376,-117.495522,12,DROP!!!,2.1,TRUE,FALSE,FALSE,0.0,0.0,0.0
355,1083,00:05:57,F,LAUNCH_PAD,-0.4,25.9,101.1,3.9,0.3,0.3,-2.5,-1.9,-9.0,-0.1,0.8,307.8,18:51:17,51.400002,33.385376,-117.495522,12,DROP!!!,2.1,TRUE,FALSE,FALSE,0.0,0.0,0.0
356,1083,00:05:58,F,LAUNCH_PAD,-1.0,25.8,101.2,3.9,0.0,6.6,-0.8,-4.7,-9.3,-0.8,-0.9,317.3,18:51:18,51.400002,33.385376,-117.495522,12,DROP!!!,2.1,TRUE,FALSE,FALSE,0.0,0.0,0.0
