TEAM_ID,MISSION_TIME,PACKET_COUNT,MODE,STATE,ALTITUDE,TEMPERATURE,PRESSURE,VOLTAGE,CURRENT,GYRO_R,GYRO_P,GYRO_Y,ACCEL_R,ACCEL_P,ACCEL_Y,GPS_TIME,GPS_ALTITUDE,GPS_LATITUDE,GPS_LONGITUDE,GPS_SATS,CMD_ECHO,HEADING,MAX_ALTITUDE,CONTAINER_RELEASED,PAYLOAD_RELEASED,PARAGLIDER_EJECTED,PARAGLIDER_ACTIVE,TARGET_LATITUDE,TARGET_LONGITUDE,TILT,TILT_ADJUSTED,,GPS_ALTITUDE_ADJUSTED,GPS_LATITUDE_ADJUSTED,GPS_LONGITUDE_ADJUSTED
1083,0:00:01,1,F,LAUNCH_PAD,0.1,32,92.5,4,-0.1,-5.1,-2.5,3.3,9.7,-0.6,0.1,17:23:13,0,0,0,0,N/A,85.9,0.1,FALSE,FALSE,FALSE,FALSE,38.4,-79.6,175.5,4.5,,,,
1083,0:00:02,2,F,LAUNCH_PAD,-0.1,32.1,92.5,4,-0.1,8.2,0.4,4.6,9.7,-0.2,1.5,17:23:14,0,0,0,0,N/A,83.6,0.1,FALSE,FALSE,FALSE,FALSE,38.4,-79.6,171.7,8.3,,,,
1083,0:00:03,3,F,LAUNCH_PAD,0.3,32.1,92.5,4,-0.1,-0.1,0.9,0.6,9.4,0.3,1,17:23:15,0,0,0,0,N/A,82.1,0.3,FALSE,FALSE,FALSE,FALSE,38.4,-79.6,171.4,8.6,,,,
1083,0:00:04,4,F,LAUNCH_PAD,-0.6,32.1,92.5,4,-0.1,-0.1,4.1,8.1,8.4,-3.5,5,17:23:16,0,0,0,0,N/A,80,0.3,FALSE,FALSE,FALSE,FALSE,38.4,-79.6,161.5,18.5,,,,
1083,0:00:05,5,F,LAUNCH_PAD,0.5,32.1,92.5,4,-0.1,37.9,-3.7,7.8,8.9,1.1,1,17:23:17,0,0,0,0,N/A,97.9,0.5,FALSE,FALSE,FALSE,FALSE,38.4,-79.6,167.3,12.7,,,,
1083,0:00:06,6,F,LAUNCH_PAD,0.3,32.2,92.5,4,-0.1,-13.3,-0.9,-6.3,9.1,-0.8,1,17:23:19,0,0,0,0,N/A,70.8,0.5,FALSE,FALSE,FALSE,FALSE,38.4,-79.6,168.3,11.7,,,,
1083,0:00:07,7,F,LAUNCH_PAD,0.5,32.2,92.5,4,-0.1,-4.9,-8.6,0.2,9.8,-1.5,1.5,17:23:20,0,0,0,0,N/A,75,0.5,FALSE,FALSE,FALSE,FALSE,38.4,-79.6,169.5,10.5,,,,
1083,0:00:08,8,F,LAUNCH_PAD,1,32.2,92.5,4,-0.1,-26.4,17.5,-13.6,9.4,-2.1,2,17:23:21,0,0,0,0,N/A,90.1,1,FALSE,FALSE,FALSE,FALSE,38.4,-79.6,169.4,10.6,,,,
1083,0:00:09,9,F,LAUNCH_PAD,0.2,32.3,92.5,4,-0.1,-19.8,-6.1,1.3,10.9,-0.1,1.9,17:23:22,0,0,0,0,N/A,102.1,1,FALSE,FALSE,FALSE,FALSE,38.4,-79.6,163.1,16.9,,,,
1083,0:00:10,10,F,LAUNCH_PAD,0,32.3,92.5,4,-0.1,35.2,-7.5,18.6,8.6,1.1,4.5,17:23:23,0,0,0,0,N/A,93.1,1,FALSE,FALSE,FALSE,FALSE,38.4,-79.6,155.3,24.7,,,,
1083,0:00:11,11,F,LAUNCH_PAD,0.3,32.3,92.5,4,-0.1,-96.4,18.1,-13.8,8.7,-3.1,4.6,17:23:24,0,0,0,0,N/A,88.4,1,FALSE,FALSE,FALSE,FALSE,38.4,-79.6,160.6,19.4,,,,
1083,0:00:12,12,F,LAUNCH_PAD,0.8,32.3,92.5,4,-0.1,6.4,36.1,-15.2,11.7,-2.9,2.7,17:23:25,0,0,0,0,N/A,116.9,1,FALSE,FALSE,FALSE,FALSE,38.4,-79.6,156,24,,,,
1083,0:00:13,13,F,LAUNCH_PAD,-0.1,32.4,92.5,4,-0.1,-80,-4.8,-8.1,8.1,-1.5,5.1,17:23:26,0,0,0,0,N/A,133.1,1,FALSE,FALSE,FALSE,FALSE,38.4,-79.6,144.5,35.5,,,,
1083,0:00:14,14,F,LAUNCH_PAD,0.1,32.4,92.5,4,-0.1,-27.1,6.8,10.7,6.2,-4.8,4.9,17:23:27,0,0,0,0,N/A,158.3,1,FALSE,FALSE,FALSE,FALSE,38.4,-79.6,139.5,40.5,,,,
1083,0:00:15,15,F,LAUNCH_PAD,0.4,32.4,92.5,4,-0.1,16.9,-7.2,7.9,5.7,-2.8,6.4,17:23:28,0,0,0,0,N/A,149.9,1,FALSE,FALSE,FALSE,FALSE,38.4,-79.6,140.9,39.1,,,,
1083,0:00:17,16,F,LAUNCH_PAD,-0.3,32.5,92.5,4,-0.1,18.8,7.8,7.7,7.7,-0.6,5.5,17:23:30,0,0,0,0,N/A,150.4,1,FALSE,FALSE,FALSE,FALSE,38.4,-79.6,143.9,36.1,,,,
1083,0:00:18,17,F,LAUNCH_PAD,0.8,32.5,92.5,4,-0.1,47.1,-4.6,16.9,11.4,1,5.1,17:23:31,0,0,0,0,N/A,130.4,1,FALSE,FALSE,FALSE,FALSE,38.4,-79.6,145.6,34.4,,,,
1083,0:00:19,18,F,LAUNCH_PAD,0.4,32.6,92.5,4,-0.1,19.7,-19.4,22.6,8.1,0.1,2.8,17:23:32,0,0,0,0,N/A,101.4,1,FALSE,FALSE,FALSE,FALSE,38.4,-79.6,160,20,,,,
1083,0:00:20,19,F,LAUNCH_PAD,0.7,32.6,92.5,4,-0.1,22.9,9.9,23,7.6,-2.9,3.6,17:23:33,0,0,0,0,N/A,49,1,FALSE,FALSE,FALSE,FALSE,38.4,-79.6,155.2,24.8,,,,
1083,0:00:21,20,F,LAUNCH_PAD,0.7,32.6,92.5,4,-0.1,-76.2,4.7,-53.9,7.2,0.2,3.3,17:23:34,0,0,0,0,N/A,84.7,1,FALSE,FALSE,FALSE,FALSE,38.4,-79.6,149.8,30.2,,,,
1083,0:00:22,21,F,LAUNCH_PAD,1,32.6,92.5,4,-0.1,51.3,-20.1,30.8,8,-1.9,5,17:23:35,0,0,0,0,N/A,108.5,1,FALSE,FALSE,FALSE,FALSE,38.4,-79.6,149.9,30.1,,,,
1083,0:00:23,22,F,LAUNCH_PAD,1,32.6,92.5,4,-0.1,8.9,2.9,-17.9,8.4,0.4,5.7,17:23:36,0,0,0,0,N/A,129.1,1.1,FALSE,FALSE,FALSE,FALSE,38.4,-79.6,149.6,30.4,,,,
1083,0:00:24,23,F,LAUNCH_PAD,0.7,32.7,92.5,4,-0.1,13.4,6.2,28.8,8,-1.3,4.8,17:23:37,831.6,38.225349,-79.36499,4,N/A,51.1,1.1,FALSE,FALSE,FALSE,FALSE,38.4,-79.6,150.1,29.9,,831.6,38.225349,-79.36499
1083,0:00:25,24,F,LAUNCH_PAD,1.4,32.7,92.5,4,-0.1,-37.2,20.6,-2.2,6.2,-1.7,6.3,17:23:38,831.5,38.225479,-79.364815,3,N/A,26.2,1.4,FALSE,FALSE,FALSE,FALSE,38.4,-79.6,140.7,39.3,,831.5,38.225479,-79.364815
1083,0:00:26,25,F,LAUNCH_PAD,1.1,32.7,92.5,4,-0.1,-12.1,28.7,-57.2,8.4,-3.9,10.1,17:23:39,831.6,38.225494,-79.364822,3,N/A,52.4,1.5,FALSE,FALSE,FALSE,FALSE,38.4,-79.6,149,31,,831.6,38.225494,-79.364822
1083,0:00:27,26,F,LAUNCH_PAD,1.3,32.7,92.5,4,-0.1,23.9,12.9,19.1,10.6,-0.3,1,17:23:40,831.6,38.225494,-79.364822,3,N/A,57.1,1.5,FALSE,FALSE,FALSE,FALSE,38.4,-79.6,157.9,22.1,,831.6,38.225494,-79.364822
1083,0:00:28,27,F,LAUNCH_PAD,0.5,32.7,92.5,4,-0.1,67,-7,22.4,6.5,-1.8,2.9,17:23:41,831.6,38.225456,-79.364784,4,N/A,53.2,1.5,FALSE,FALSE,FALSE,FALSE,38.4,-79.6,151.7,28.3,,831.6,38.225456,-79.364784
1083,0:00:30,28,F,LAUNCH_PAD,1,32.8,92.5,4,-0.1,15.1,-14.2,7.2,9.1,-1,4,17:23:43,831.6,38.225426,-79.364761,3,N/A,58.2,1.5,FALSE,FALSE,FALSE,FALSE,38.4,-79.6,153,27,,831.6,38.225426,-79.364761
1083,0:00:31,29,F,LAUNCH_PAD,1.4,32.8,92.5,4,-0.1,0.9,-3.5,0.1,10.9,-0.9,5.8,17:23:44,831.6,38.225414,-79.364754,4,N/A,62.9,1.5,FALSE,FALSE,FALSE,FALSE,38.4,-79.6,152.7,27.3,,831.6,38.225414,-79.364754
1083,0:00:32,30,F,LAUNCH_PAD,0.9,32.8,92.5,4,-0.1,-20.7,-7.9,2.8,9.8,-1.5,5.8,17:23:45,831.6,38.225407,-79.364754,4,N/A,63.8,1.5,FALSE,FALSE,FALSE,FALSE,38.4,-79.6,151.5,28.5,,831.6,38.225407,-79.364754
1083,0:00:33,31,F,LAUNCH_PAD,1,32.8,92.5,4,-0.1,5.1,5.5,-5.8,9.2,0.3,4.8,17:23:46,790.2,38.225433,-79.364677,5,N/A,61.2,1.5,FALSE,FALSE,FALSE,FALSE,38.4,-79.6,148.5,31.5,,790.2,38.225433,-79.364677
1083,0:00:34,32,F,LAUNCH_PAD,1.4,32.8,92.5,4,-0.1,2,1.3,-11.2,6.6,0.1,4.6,17:23:46,790.2,38.225433,-79.364677,5,N/A,61.8,1.5,FALSE,FALSE,FALSE,FALSE,38.4,-79.6,147.1,32.9,,790.2,38.225433,-79.364677
1083,0:00:35,33,F,LAUNCH_PAD,1.9,32.8,92.5,4,-0.1,-62.7,7.1,-16.4,6,-1,3.1,17:23:48,799.9,38.225418,-79.364677,4,N/A,77.8,1.9,FALSE,FALSE,FALSE,FALSE,38.4,-79.6,146.3,33.7,,799.9,38.225418,-79.364677
1083,0:00:36,34,F,LAUNCH_PAD,1.3,32.8,92.5,4,-0.1,-10.6,4.6,-7.6,5.2,-2.3,5.7,17:23:49,805.7,38.225403,-79.364685,4,N/A,230.8,2,FALSE,FALSE,FALSE,FALSE,38.4,-79.6,134.5,45.5,,805.7,38.225403,-79.364685
1083,0:00:37,35,F,LAUNCH_PAD,1.9,32.9,92.5,4,-0.1,-127.2,-5.6,-10.5,8.6,-1.7,6.3,17:23:50,810.4,38.225391,-79.364685,5,N/A,73.9,2,FALSE,FALSE,FALSE,FALSE,38.4,-79.6,143.8,36.2,,810.4,38.225391,-79.364685
1083,0:00:38,36,F,LAUNCH_PAD,2.1,32.9,92.5,4,-0.1,-60.8,4.7,15.2,10.4,-0.2,6.8,17:23:51,814.1,38.225384,-79.364677,5,N/A,27.6,2.1,FALSE,FALSE,FALSE,FALSE,38.4,-79.6,154.4,25.6,,814.1,38.225384,-79.364677
1083,0:00:39,37,F,LAUNCH_PAD,1.9,32.9,92.5,4,-0.1,-109.8,19.5,-24.6,11.6,-2.4,6.2,17:23:52,817.2,38.22538,-79.364685,4,N/A,55.2,2.1,FALSE,FALSE,FALSE,FALSE,38.4,-79.6,142.9,37.1,,817.2,38.22538,-79.364685
1083,0:00:40,38,F,LAUNCH_PAD,2.3,32.9,92.5,4,-0.1,-11.4,-1.4,8.4,8.8,-1.5,6.6,17:23:53,819.6,38.225372,-79.364677,5,N/A,57.2,2.3,FALSE,FALSE,FALSE,FALSE,38.4,-79.6,135.3,44.7,,819.6,38.225372,-79.364677
1083,0:00:42,39,F,LAUNCH_PAD,2.1,32.9,92.5,4,-0.1,32.2,5.9,9.4,4.3,-0.9,4.9,17:23:55,823.8,38.225357,-79.36467,4,N/A,60.4,2.3,FALSE,FALSE,FALSE,FALSE,38.4,-79.6,136.9,43.1,,823.8,38.225357,-79.36467
1083,0:00:43,40,F,LAUNCH_PAD,1.5,32.9,92.5,4,-0.1,45.4,4,15.6,6.2,0.7,6.9,17:23:56,825.7,38.225357,-79.364662,5,N/A,252.1,2.3,FALSE,FALSE,FALSE,FALSE,38.4,-79.6,134.7,45.3,,825.7,38.225357,-79.364662
1083,0:00:44,41,F,LAUNCH_PAD,2.3,32.9,92.5,4,-0.1,-14.6,-9.7,17.8,7.8,0.5,5.6,17:23:57,826.8,38.225349,-79.364655,4,N/A,70.4,2.3,FALSE,FALSE,FALSE,FALSE,38.4,-79.6,137.1,42.9,,826.8,38.225349,-79.364655
1083,0:00:45,42,F,LAUNCH_PAD,2.2,33,92.5,4,-0.1,24.3,-2.1,12.9,8.4,0,5.1,17:23:58,828.2,38.225342,-79.364655,4,N/A,69.4,2.3,FALSE,FALSE,FALSE,FALSE,38.4,-79.6,137.1,42.9,,828.2,38.225342,-79.364655
1083,0:00:48,43,F,LAUNCH_PAD,2,33,92.5,4,-0.1,19.8,-13.6,-5.1,11.1,1.2,2.7,17:24:01,831.4,38.225327,-79.364624,4,N/A,76.3,3,FALSE,FALSE,FALSE,FALSE,38.4,-79.6,150.9,29.1,,831.4,38.225327,-79.364624
1083,0:00:49,44,F,LAUNCH_PAD,2.4,33,92.5,4,-0.1,-1.1,-11.9,-5.2,9.5,-0.7,5.1,17:24:02,832.3,38.225323,-79.364624,4,N/A,78.2,3,FALSE,FALSE,FALSE,FALSE,38.4,-79.6,142.7,37.3,,832.3,38.225323,-79.364624
1083,0:00:50,45,F,LAUNCH_PAD,2.5,33,92.5,4,-0.1,2.2,-1.4,-4.2,8.2,0.2,4.9,17:24:03,833.1,38.225311,-79.364624,4,N/A,84.6,3,FALSE,FALSE,FALSE,FALSE,38.4,-79.6,142.3,37.7,,833.1,38.225311,-79.364624
1083,0:00:51,46,F,LAUNCH_PAD,2.1,33,92.5,4,-0.1,47.9,-14.5,12.9,6.4,0.2,3,17:24:04,833.7,38.2253,-79.364616,4,N/A,75.4,3,FALSE,FALSE,FALSE,FALSE,38.4,-79.6,148.8,31.2,,833.7,38.2253,-79.364616
1083,0:00:52,47,F,LAUNCH_PAD,2.8,33.1,92.5,4,-0.1,-74.8,-1.8,-40.2,6.1,-1.6,5.2,17:24:05,834.3,38.225292,-79.364624,4,N/A,75.3,3,FALSE,FALSE,FALSE,FALSE,38.4,-79.6,149.1,30.9,,834.3,38.225292,-79.364624
1083,0:00:53,48,F,LAUNCH_PAD,2.2,33.1,92.5,4,-0.1,27.9,7.2,-5.3,6.8,-3.8,2.7,17:24:06,834.7,38.225285,-79.364639,4,N/A,118.2,3,FALSE,FALSE,FALSE,FALSE,38.4,-79.6,153.2,26.8,,834.7,38.225285,-79.364639
1083,0:02:07,49,F,LAUNCH_PAD,3.8,33.4,92.4,4,-0.1,15.5,16.8,-7.7,4.5,-3.5,-6.9,17:25:20,840.4,38.225342,-79.364372,5,N/A,28.4,5.3,FALSE,FALSE,FALSE,FALSE,38.4,-79.6,117.4,62.6,,840.4,38.225342,-79.364372
1083,0:02:08,50,F,LAUNCH_PAD,3.9,33.5,92.4,4,-0.1,-6.8,19.2,-11.4,6.4,-3.9,-7.1,17:25:21,840.4,38.225342,-79.364357,5,N/A,28.1,5.3,FALSE,FALSE,FALSE,FALSE,38.4,-79.6,134.9,45.1,,840.4,38.225342,-79.364357
1083,0:02:09,51,F,LAUNCH_PAD,4.6,33.4,92.4,4,-0.1,9.2,9.4,-9.1,8,-3.2,-3.4,17:25:22,840.3,38.225342,-0.79,4,N/A,27.3,5.3,FALSE,FALSE,FALSE,FALSE,38.4,-79.6,148.3,31.7,,,,
1083,0:02:10,52,F,LAUNCH_PAD,4.7,33.4,92.4,4,-0.1,4.1,13,-10.7,9.1,-2.6,-3,17:25:23,840.3,38.225334,-79.364342,6,N/A,23.4,5.3,FALSE,FALSE,FALSE,FALSE,38.4,-79.6,160.2,19.8,,840.3,38.225334,-79.364342
1083,0:02:11,53,F,LAUNCH_PAD,4.4,33.4,92.4,4,-0.1,-10.8,10.5,-5.5,9.4,0.3,-0.8,17:25:24,840.3,38.225334,-79.364334,6,N/A,23.2,5.3,FALSE,FALSE,FALSE,FALSE,38.4,-79.6,175.5,4.5,,840.3,38.225334,-79.364334
1083,0:02:12,54,F,LAUNCH_PAD,4.8,33.5,92.4,4,-0.1,-17.8,-0.9,-0.1,9.8,0.5,-0.6,17:25:25,840.2,38.22533,-79.364334,6,N/A,21.9,5.3,FALSE,FALSE,FALSE,FALSE,38.4,-79.6,178.3,1.7,,840.2,38.22533,-79.364334
1083,0:02:13,55,F,LAUNCH_PAD,4.6,33.5,92.4,4,-0.1,-1.9,-0.2,0,9.7,-0.3,-0.2,17:25:26,840.2,38.225323,-79.364334,6,N/A,22.4,5.3,FALSE,FALSE,FALSE,FALSE,38.4,-79.6,179,1,,840.2,38.225323,-79.364334
1083,0:02:14,56,F,LAUNCH_PAD,5.3,33.5,92.4,4,-0.1,10.5,-0.6,-0.1,9.9,0.1,0.2,17:25:27,840.2,38.225319,-79.364326,6,N/A,38,5.3,FALSE,FALSE,FALSE,FALSE,38.4,-79.6,179.4,0.6,,840.2,38.225319,-79.364326
1083,0:02:17,57,F,LAUNCH_PAD,4.4,33.6,92.4,4,-0.1,-132,1.6,-0.8,10.1,0.4,1.2,17:25:30,840.1,38.2253,-79.364319,5,N/A,215.9,5.4,FALSE,FALSE,FALSE,FALSE,38.4,-79.6,179.6,0.4,,840.1,38.2253,-79.364319
1083,0:02:18,58,F,LAUNCH_PAD,4.5,33.6,92.4,4,-0.1,-5.9,0.1,0.1,9.9,-0.8,-0.5,17:25:31,840,38.2253,-79.364319,5,N/A,223.8,5.4,FALSE,FALSE,FALSE,FALSE,38.4,-79.6,179.4,0.6,,840,38.2253,-79.364319
1083,0:02:23,59,F,LAUNCH_PAD,4.7,33.7,92.4,4,-0.1,-6.3,-0.6,0.2,9.7,-0.4,-0.3,17:25:36,839.8,38.225285,-79.364311,5,N/A,232.6,5.4,FALSE,FALSE,FALSE,FALSE,38.4,-79.6,178.7,1.3,,839.8,38.225285,-79.364311
1083,0:02:24,60,F,LAUNCH_PAD,5.2,33.8,92.4,4,-0.1,4.5,0.3,-0.1,9.9,-0.3,-0.2,17:25:37,839.8,38.225281,-79.364304,5,N/A,232.2,5.4,FALSE,FALSE,FALSE,FALSE,38.4,-79.6,178.4,1.6,,839.8,38.225281,-79.364304
1083,0:02:35,61,F,LAUNCH_PAD,5.2,33.8,92.4,4,-0.1,-2.8,-0.5,0.1,9.8,-0.4,-0.3,17:25:48,839.6,38.225262,-79.364288,5,N/A,231.7,6.1,FALSE,FALSE,FALSE,FALSE,38.4,-79.6,178,2,,839.6,38.225262,-79.364288
1083,0:02:37,62,F,LAUNCH_PAD,5.1,33.8,92.4,4,-0.1,-3.4,0.2,-0.1,9.9,-0.3,-0.1,17:25:50,840,38.225262,-79.364288,6,N/A,231.3,6.1,FALSE,FALSE,FALSE,FALSE,38.4,-79.6,177.9,2.1,,840,38.225262,-79.364288
1083,0:02:38,63,F,LAUNCH_PAD,5,33.8,92.4,4,-0.1,-0.4,-0.1,0.1,9.8,-0.4,-0.1,17:25:51,840.3,38.225262,-79.364288,6,N/A,232.5,6.1,FALSE,FALSE,FALSE,FALSE,38.4,-79.6,177.8,2.2,,840.3,38.225262,-79.364288
1083,0:02:39,64,F,LAUNCH_PAD,4.5,33.8,92.4,4,-0.1,-0.6,-0.1,0,9.9,-0.3,-0.3,17:25:52,840.3,38.225262,0,6,N/A,232,6.1,FALSE,FALSE,FALSE,FALSE,38.4,-79.6,177.9,2.1,,,,
1083,0:02:40,65,F,LAUNCH_PAD,4.6,33.8,92.4,4,-0.1,-2.4,-0.1,0.1,9.9,-0.4,0.1,17:25:53,840.4,38.225258,-79.364288,5,N/A,231.7,6.1,FALSE,FALSE,FALSE,FALSE,38.4,-79.6,177.8,2.2,,840.4,38.225258,-79.364288
1083,0:02:41,66,F,LAUNCH_PAD,4.6,33.8,92.4,4,-0.1,-0.6,-0.1,-0.2,9.9,-0.4,0,17:25:54,840.5,38.225258,-79.364281,5,N/A,231.8,6.1,FALSE,FALSE,FALSE,FALSE,38.4,-79.6,177.8,2.2,,840.5,38.225258,-79.364281
1083,0:02:42,67,F,LAUNCH_PAD,4.2,33.9,92.4,4,-0.1,0.8,0.4,-0.3,9.8,-0.2,0,17:25:55,840.7,38.225258,-79.364288,5,N/A,231.6,6.1,FALSE,FALSE,FALSE,FALSE,38.4,-79.6,177.9,2.1,,840.7,38.225258,-79.364288
1083,0:02:43,68,F,LAUNCH_PAD,5.3,33.9,92.4,4,-0.1,-1.8,0.6,-0.2,9.9,-0.3,0,17:25:56,840.7,38.225262,-79.364288,5,N/A,231.6,6.1,FALSE,FALSE,FALSE,FALSE,38.4,-79.6,177.9,2.1,,840.7,38.225262,-79.364288
1083,0:02:44,69,F,LAUNCH_PAD,4.8,34,92.4,4,-0.1,1.5,0.8,-0.2,9.9,-0.4,-0.3,17:25:57,840.8,38.225266,-79.364288,5,N/A,231.4,6.1,FALSE,FALSE,FALSE,FALSE,38.4,-79.6,177.9,2.1,,840.8,38.225266,-79.364288
1083,0:04:17,70,F,LAUNCH_PAD,4.8,34.5,92.4,4,-0.1,0.2,0.2,0.2,9.8,-0.3,-0.3,17:27:30,842.7,38.22533,-79.364464,6,CXON,275.2,6.5,FALSE,FALSE,FALSE,FALSE,38.4,-79.6,177.5,2.5,,842.7,38.22533,-79.364464
1083,0:04:18,71,F,LAUNCH_PAD,4.8,34.5,92.4,4,-0.1,-0.8,-0.1,0.1,9.9,-0.3,-0.3,17:27:30,842.7,38.22533,-79.364464,6,CXON,275.4,6.5,FALSE,FALSE,FALSE,FALSE,38.4,-79.6,177.5,2.5,,842.7,38.22533,-79.364464
1083,0:04:19,72,F,LAUNCH_PAD,5,34.5,92.4,4,-0.1,-0.3,0.1,-0.1,9.8,-0.3,-0.4,17:27:31,842.5,38.22533,-79.364464,6,CXON,275.2,6.5,FALSE,FALSE,FALSE,FALSE,38.4,-79.6,177.5,2.5,,842.5,38.22533,-79.364464
1083,0:04:20,73,F,LAUNCH_PAD,5.4,34.5,92.4,4,-0.1,-0.2,0.4,-0.4,9.9,-0.3,-0.3,17:27:32,842.3,38.22533,-79.364464,6,CXON,275.2,6.5,FALSE,FALSE,FALSE,FALSE,38.4,-79.6,177.5,2.5,,842.3,38.22533,-79.364464
1083,0:04:21,74,F,LAUNCH_PAD,4.9,34.5,92.4,4,-0.1,0.4,0,0,9.9,-0.3,-0.4,17:27:33,84,38.22533,-79.364456,6,CXON,275.2,6.5,FALSE,FALSE,FALSE,FALSE,38.4,-79.6,177.5,2.5,,,,
1083,0:04:22,75,F,LAUNCH_PAD,5,34.5,92.4,4,-0.1,-1,0,0.2,9.8,-0.3,-0.3,17:27:34,842.4,38.22533,-79.364449,6,CXON,275.4,6.5,FALSE,FALSE,FALSE,FALSE,38.4,-79.6,177.5,2.5,,842.4,38.22533,-79.364449
1083,0:07:58,76,F,LAUNCH_PAD,6.3,36.2,92.4,4,-0.1,-0.2,0,0,9.9,-0.3,-0.3,17:31:10,827.3,38.225365,-79.364464,8,CXON,279.9,7.3,FALSE,FALSE,FALSE,FALSE,38.4,-79.6,177.5,2.5,,827.3,38.225365,-79.364464
1083,0:07:59,77,F,LAUNCH_PAD,6.3,36.2,92.4,4,-0.1,-0.1,0.1,0.2,9.9,-0.3,-0.3,17:31:10,827.3,38.225365,-79.364464,8,CXON,279.9,7.3,FALSE,FALSE,FALSE,FALSE,38.4,-79.6,177.5,2.5,,827.3,38.225365,-79.364464
1083,0:08:00,78,F,LAUNCH_PAD,6.5,36.3,92.4,4,-0.1,0.3,0.1,0.1,9.9,-0.2,-0.3,17:31:11,827.2,38.225368,-79.364464,8,CXON,279.9,7.3,FALSE,FALSE,FALSE,FALSE,38.4,-79.6,177.5,2.5,,827.2,38.225368,-79.364464
1083,0:08:01,79,F,LAUNCH_PAD,5.7,36.3,92.4,4,-0.1,0.1,0.1,-0.3,9.9,-0.2,-0.4,17:31:12,827.2,38.225368,-79.364464,8,CXON,279.9,7.3,FALSE,FALSE,FALSE,FALSE,38.4,-79.6,177.5,2.5,,827.2,38.225368,-79.364464
1083,0:08:02,80,F,LAUNCH_PAD,6.2,36.3,92.4,4,-0.1,-0.1,0.1,0.2,9.9,-0.2,-0.3,17:31:13,827,38.225372,-79.364464,8,CXON,279.9,7.3,FALSE,FALSE,FALSE,FALSE,38.4,-79.6,177.5,2.5,,827,38.225372,-79.364464
1083,0:08:03,81,F,LAUNCH_PAD,7.4,36.3,92.4,4,-0.1,0.1,-0.3,0.2,9.8,-0.3,-0.3,17:31:14,827,38.225372,-79.364464,8,CXON,279.9,7.4,FALSE,FALSE,FALSE,FALSE,38.4,-79.6,177.5,2.5,,827,38.225372,-79.364464
1083,0:08:04,82,F,LAUNCH_PAD,6.3,36.3,92.4,4,-0.1,-0.1,-0.1,0.3,9.8,-0.2,-0.3,17:31:15,827,38.225368,-79.364464,8,CXON,279.9,7.5,FALSE,FALSE,FALSE,FALSE,38.4,-79.6,177.5,2.5,,827,38.225368,-79.364464
1083,0:08:05,83,F,LAUNCH_PAD,6.2,36.3,92.4,4,-0.1,-0.1,0,0.1,9.9,-0.2,-0.3,17:31:16,827,38.225372,-79.364456,7,CXON,279.9,7.5,FALSE,FALSE,FALSE,FALSE,38.4,-79.6,177.5,2.5,,827,38.225372,-79.364456
1083,0:08:06,84,F,LAUNCH_PAD,6.8,36.3,92.4,4,-0.1,0.2,0.1,0,9.9,-0.3,-0.3,17:31:17,827,38.225376,-79.364456,7,CXON,279.8,7.5,FALSE,FALSE,FALSE,FALSE,38.4,-79.6,177.5,2.5,,827,38.225376,-79.364456
1083,0:08:07,85,F,LAUNCH_PAD,6.3,36.4,92.4,4,-0.1,-0.3,0.2,0,9.8,-0.3,-0.3,17:31:18,826.9,38.225376,-79.364456,7,CXON,279.8,7.5,FALSE,FALSE,FALSE,FALSE,38.4,-79.6,177.5,2.5,,826.9,38.225376,-79.364456
1083,0:08:08,86,F,LAUNCH_PAD,6.8,36.4,92.4,4,-0.1,0.2,0,0.2,9.8,-0.2,-0.3,17:31:19,826.9,38.22538,-79.364456,7,CXON,279.8,7.5,FALSE,FALSE,FALSE,FALSE,38.4,-79.6,177.5,2.5,,826.9,38.22538,-79.364456
1083,0:08:09,87,F,LAUNCH_PAD,6.7,36.4,92.4,4,-0.1,0,-0.2,0.2,9.8,-0.3,-0.3,17:31:20,826.8,38.225384,-79.364456,7,CXON,279.8,7.5,FALSE,FALSE,FALSE,FALSE,38.4,-79.6,177.5,2.5,,826.8,38.225384,-79.364456
1083,0:08:10,88,F,LAUNCH_PAD,6.6,36.4,92.4,4,-0.1,0.3,0,-0.4,9.8,-0.3,-0.3,17:31:20,826.8,38.225384,-79.364456,7,CAL,279.8,7.5,FALSE,FALSE,FALSE,FALSE,38.4,-79.6,177.5,2.5,,826.8,38.225384,-79.364456
1083,0:08:11,89,F,LAUNCH_PAD,1.1,36.6,92.4,4,-0.1,0.1,0,-0.2,9.9,-0.2,-0.3,17:31:22,826.8,38.22538,-79.364456,7,CAL,279.8,7.5,FALSE,FALSE,FALSE,FALSE,38.4,-79.6,177.5,2.5,,826.8,38.22538,-79.364456
1083,0:08:12,90,F,LAUNCH_PAD,0.1,36.6,92.4,4,-0.1,0.9,0.2,-0.1,9.9,-0.3,-0.3,17:31:23,826.7,38.22538,-79.364456,7,CAL,279.7,7.5,FALSE,FALSE,FALSE,FALSE,38.4,-79.6,177.5,2.5,,826.7,38.22538,-79.364456
1083,0:08:13,91,F,LAUNCH_PAD,-0.1,36.6,92.4,4,-0.1,0.1,-0.1,-0.1,9.9,-0.3,-0.3,17:31:24,826.7,38.225384,-79.364456,7,CAL,279.6,7.5,FALSE,FALSE,FALSE,FALSE,38.4,-79.6,177.5,2.5,,826.7,38.225384,-79.364456
1083,0:08:14,92,F,LAUNCH_PAD,-0.6,36.6,92.4,4,-0.1,-0.4,0.1,0.1,9.9,-0.2,-0.3,17:31:25,826.7,38.225384,-79.364456,7,CAL,279.6,7.5,FALSE,FALSE,FALSE,FALSE,38.4,-79.6,177.5,2.5,,826.7,38.225384,-79.364456
1083,0:08:15,93,F,LAUNCH_PAD,-0.2,36.6,92.4,4,-0.1,0.3,0.1,-0.1,9.8,-0.2,-0.3,17:31:26,826.7,38.225384,-79.364456,7,CAL,279.5,7.5,FALSE,FALSE,FALSE,FALSE,38.4,-79.6,177.5,2.5,,826.7,38.225384,-79.364456
1083,0:08:16,94,F,LAUNCH_PAD,0,36.7,92.4,4,-0.1,0.2,-0.1,0.2,9.8,-0.3,-0.3,17:31:27,826.7,38.225384,-79.364456,7,CAL,279.5,7.5,FALSE,FALSE,FALSE,FALSE,38.4,-79.6,177.5,2.5,,826.7,38.225384,-79.364456
1083,0:08:17,95,F,LAUNCH_PAD,0.4,36.7,92.4,4,-0.1,0.1,0.1,-0.1,9.8,-0.3,-0.3,17:31:28,826.7,38.225384,-79.364456,7,CAL,279.5,7.5,FALSE,FALSE,FALSE,FALSE,38.4,-79.6,177.5,2.5,,826.7,38.225384,-79.364456
1083,0:08:18,96,F,LAUNCH_PAD,0.2,36.7,92.4,4,-0.1,0.1,-0.1,-0.2,9.8,-0.2,-0.3,17:31:29,826.6,38.22538,-79.364456,7,CAL,279.5,7.5,FALSE,FALSE,FALSE,FALSE,38.4,-79.6,177.5,2.5,,826.6,38.22538,-79.364456
1083,0:08:19,97,F,LAUNCH_PAD,0.1,36.7,92.4,4,-0.1,0.1,-0.1,0,9.9,-0.2,-0.3,17:31:30,826.5,38.225376,-79.364456,7,CAL,279.5,7.5,FALSE,FALSE,FALSE,FALSE,38.4,-79.6,177.5,2.5,,826.5,38.225376,-79.364456
1083,0:08:20,98,F,LAUNCH_PAD,-0.1,36.7,92.4,4,-0.1,-0.7,-0.1,0.1,9.8,-0.2,-0.3,17:31:31,826.4,38.225376,-79.364456,7,CAL,279.5,7.5,FALSE,FALSE,FALSE,FALSE,38.4,-79.6,177.5,2.5,,826.4,38.225376,-79.364456
1083,0:08:21,99,F,LAUNCH_PAD,-0.6,36.8,92.4,4,-0.1,-0.2,0,0.2,9.9,-0.3,-0.4,17:31:32,826.4,38.22538,-79.364456,7,CAL,279.5,7.5,FALSE,FALSE,FALSE,FALSE,38.4,-79.6,177.5,2.5,,826.4,38.22538,-79.364456
1083,0:08:22,100,F,LAUNCH_PAD,0,36.8,92.4,4,-0.1,-1.8,0.1,0,9.8,-0.2,-0.3,17:31:33,826.4,38.22538,-79.364464,7,CAL,279.6,7.5,FALSE,FALSE,FALSE,FALSE,38.4,-79.6,177.5,2.5,,826.4,38.22538,-79.364464
1083,0:08:23,101,F,LAUNCH_PAD,0.2,36.7,92.4,4,-0.1,1.7,0,-0.1,9.8,-0.3,-0.3,17:31:34,826.5,38.225384,-79.364464,7,CAL,279.6,7.5,FALSE,FALSE,FALSE,FALSE,38.4,-79.6,177.5,2.5,,826.5,38.225384,-79.364464
1083,0:08:24,102,F,LAUNCH_PAD,-0.2,36.7,92.4,4,-0.1,0.1,-0.1,0.1,9.8,-0.3,-0.3,17:31:35,826.6,38.22538,-79.364456,7,CAL,279.6,7.5,FALSE,FALSE,FALSE,FALSE,38.4,-79.6,177.5,2.5,,826.6,38.22538,-79.364456
1083,0:08:25,103,F,LAUNCH_PAD,0.1,36.7,92.4,4,-0.1,-0.6,-0.1,-0.1,9.9,-0.3,-0.3,17:31:36,826.5,38.22538,-79.364456,7,CAL,279.8,7.5,FALSE,FALSE,FALSE,FALSE,38.4,-79.6,177.5,2.5,,826.5,38.22538,-79.364456
1083,0:08:26,104,F,LAUNCH_PAD,0.1,36.7,92.4,4,-0.1,0.2,0,-0.2,9.9,-0.2,-0.3,17:31:37,826.5,38.225376,-79.364456,7,CAL,279.8,7.5,FALSE,FALSE,FALSE,FALSE,38.4,-79.6,177.5,2.5,,826.5,38.225376,-79.364456
1083,0:08:27,105,F,LAUNCH_PAD,-0.1,36.6,92.4,4,-0.1,-0.2,-0.1,-0.1,9.8,-0.2,-0.3,17:31:38,826.4,38.22538,-79.364456,7,CAL,279.9,7.5,FALSE,FALSE,FALSE,FALSE,38.4,-79.6,177.5,2.5,,826.4,38.22538,-79.364456
1083,0:08:28,106,F,LAUNCH_PAD,0.3,36.6,92.4,4,-0.1,1.4,0.2,0.2,9.9,-0.3,-0.3,17:31:39,826.4,38.225384,-79.364456,7,CAL,280,7.5,FALSE,FALSE,FALSE,FALSE,38.4,-79.6,177.5,2.5,,826.4,38.225384,-79.364456
1083,0:08:29,107,F,LAUNCH_PAD,0.4,36.6,92.4,4,-0.1,-0.8,0.3,0.1,9.8,-0.2,-0.3,17:31:40,826.4,38.225384,-79.364456,7,CAL,280,7.5,FALSE,FALSE,FALSE,FALSE,38.4,-79.6,177.5,2.5,,826.4,38.225384,-79.364456
1083,0:08:30,108,F,LAUNCH_PAD,0.2,36.6,92.4,4,-0.1,-0.6,0.1,-0.2,9.8,-0.2,-0.3,17:31:41,826.4,38.225384,-79.364456,7,CAL,280.1,7.5,FALSE,FALSE,FALSE,FALSE,38.4,-79.6,177.5,2.5,,826.4,38.225384,-79.364456
1083,0:08:31,109,F,LAUNCH_PAD,0,36.6,92.4,4,-0.1,0.7,0,-0.1,9.9,-0.3,-0.4,17:31:42,826.5,38.22538,-79.364456,7,CAL,280.1,7.5,FALSE,FALSE,FALSE,FALSE,38.4,-79.6,177.5,2.5,,826.5,38.22538,-79.364456
1083,0:08:32,110,F,LAUNCH_PAD,0.1,36.6,92.4,4,-0.1,1.8,-0.1,0.2,9.9,-0.3,-0.4,17:31:43,826.5,38.22538,-79.364456,7,CAL,280.2,7.5,FALSE,FALSE,FALSE,FALSE,38.4,-79.6,177.5,2.5,,826.5,38.22538,-79.364456
1083,0:08:33,111,F,LAUNCH_PAD,0.2,36.6,92.4,4,-0.1,-0.7,0,-0.3,9.8,-0.2,-0.3,17:31:44,826.5,38.22538,-79.364456,7,CAL,280.1,7.5,FALSE,FALSE,FALSE,FALSE,38.4,-79.6,177.5,2.5,,826.5,38.22538,-79.364456
1083,0:08:34,112,F,LAUNCH_PAD,0.2,36.6,92.4,4,-0.1,-1.1,0.1,0,9.9,-0.3,-0.3,17:31:45,826.5,38.22538,-79.364449,7,CAL,280.4,7.5,FALSE,FALSE,FALSE,FALSE,38.4,-79.6,177.5,2.5,,826.5,38.22538,-79.364449
1083,0:08:35,113,F,LAUNCH_PAD,0.2,36.6,92.4,4,-0.1,1.1,-0.1,0.1,9.8,-0.3,-0.3,17:31:46,826,38.22538,-79.364449,7,CAL,280.3,7.5,FALSE,FALSE,FALSE,FALSE,38.4,-79.6,177.6,2.4,,826,38.22538,-79.364449
1083,0:08:36,114,F,LAUNCH_PAD,0.2,36.7,92.4,4,-0.1,-1.4,-0.1,0,9.9,-0.2,-0.3,17:31:47,826.5,38.22538,-79.364449,7,CAL,280.2,7.5,FALSE,FALSE,FALSE,FALSE,38.4,-79.6,177.5,2.5,,826.5,38.22538,-79.364449
1083,0:08:37,115,F,LAUNCH_PAD,0.2,36.7,92.4,4,-0.1,-1,-0.1,-0.2,9.9,-0.3,-0.2,17:31:48,826.5,38.22538,-79.364449,7,CAL,280.4,7.5,FALSE,FALSE,FALSE,FALSE,38.4,-79.6,177.6,2.4,,826.5,38.22538,-79.364449
1083,0:08:38,116,F,LAUNCH_PAD,0.2,36.7,92.4,4,-0.1,0.4,-0.1,-0.1,9.9,-0.3,-0.3,17:31:49,826.5,38.225376,-79.364449,7,CAL,280.2,7.5,FALSE,FALSE,FALSE,FALSE,38.4,-79.6,177.5,2.5,,826.5,38.225376,-79.364449
1083,0:08:39,117,F,LAUNCH_PAD,0,36.7,92.4,4,-0.1,-0.2,0.1,-0.1,9.8,-0.3,-0.3,17:31:50,826.6,38.225376,-79.364449,7,CAL,280.3,7.5,FALSE,FALSE,FALSE,FALSE,38.4,-79.6,177.5,2.5,,826.6,38.225376,-79.364449
1083,0:08:40,118,F,LAUNCH_PAD,0.3,36.8,92.4,4,-0.1,-0.3,-0.1,-0.2,9.8,-0.2,-0.2,17:31:51,826.5,38.225376,-79.364449,7,CAL,280.3,7.5,FALSE,FALSE,FALSE,FALSE,38.4,-79.6,177.5,2.5,,826.5,38.225376,-79.364449
1083,0:08:41,119,F,LAUNCH_PAD,0,36.8,92.4,4,-0.1,0.2,0.1,-0.1,9.8,-0.3,-0.3,17:31:52,826.5,38.225376,-79.364449,7,CAL,280.5,7.5,FALSE,FALSE,FALSE,FALSE,38.4,-79.6,177.5,2.5,,826.5,38.225376,-79.364449
1083,0:08:42,120,F,LAUNCH_PAD,0.5,36.8,92.4,4,-0.1,-0.6,-0.1,0.1,9.9,-0.2,-0.3,17:31:53,826.5,38.22538,-79.364449,7,CAL,280.5,7.5,FALSE,FALSE,FALSE,FALSE,38.4,-79.6,177.5,2.5,,826.5,38.22538,-79.364449
1083,0:08:43,121,F,LAUNCH_PAD,0,36.8,92.4,4,-0.1,0.4,-0.1,-0.2,9.9,-0.3,-0.3,17:31:54,826.4,38.225376,-79.364449,7,CAL,280.6,7.5,FALSE,FALSE,FALSE,FALSE,38.4,-79.6,177.5,2.5,,826.4,38.225376,-79.364449
1083,0:08:44,122,F,LAUNCH_PAD,0.4,36.8,92.4,4,-0.1,-0.9,0,0.1,9.9,-0.3,-0.3,17:31:55,826.4,38.22538,-79.364449,7,CAL,280.6,7.5,FALSE,FALSE,FALSE,FALSE,38.4,-79.6,177.5,2.5,,826.4,38.22538,-79.364449
1083,0:08:45,123,F,LAUNCH_PAD,0.8,36.8,92.4,4,-0.1,-0.2,-0.1,0,9.8,-0.3,-0.3,17:31:56,826.4,38.225384,-79.364449,7,CAL,280.8,7.5,FALSE,FALSE,FALSE,FALSE,38.4,-79.6,177.5,2.5,,826.4,38.225384,-79.364449
1083,0:08:46,124,F,LAUNCH_PAD,0.2,36.8,92.4,4,-0.1,0.4,0.1,0,9.9,-0.3,-0.3,17:31:57,826.3,38.225384,-79.364449,7,CAL,280.8,7.5,FALSE,FALSE,FALSE,FALSE,38.4,-79.6,177.5,2.5,,826.3,38.225384,-79.364449
1083,0:08:47,125,F,LAUNCH_PAD,0.1,36.8,92.4,4,-0.1,-0.4,0.1,0.1,9.9,-0.2,-0.3,17:31:58,826.2,38.225384,-79.364449,7,CAL,280.8,7.5,FALSE,FALSE,FALSE,FALSE,38.4,-79.6,177.5,2.5,,826.2,38.225384,-79.364449
1083,0:08:48,126,F,LAUNCH_PAD,0.3,36.8,92.4,4,-0.1,-0.2,-0.1,0.3,9.9,-0.3,-0.3,17:31:59,826.1,38.225384,-79.364449,7,CAL,280.9,7.5,FALSE,FALSE,FALSE,FALSE,38.4,-79.6,177.5,2.5,,826.1,38.225384,-79.364449
1083,0:08:49,127,F,LAUNCH_PAD,0.3,36.8,92.4,4,-0.1,0.4,0,0.2,9.8,-0.2,-0.3,17:32:00,825.9,38.225391,-79.364449,7,CAL,280.9,7.5,FALSE,FALSE,FALSE,FALSE,38.4,-79.6,177.5,2.5,,825.9,38.225391,-79.364449
1083,0:08:50,128,F,LAUNCH_PAD,0,36.8,92.4,4,-0.1,-0.6,0.1,-0.2,9.8,-0.2,-0.3,17:32:01,825.8,38.225395,-79.364449,8,CAL,280.9,7.5,FALSE,FALSE,FALSE,FALSE,38.4,-79.6,177.5,2.5,,825.8,38.225395,-79.364449
1083,0:08:51,129,F,LAUNCH_PAD,-0.2,36.8,92.4,4,-0.1,0.4,0.1,0.2,9.9,-0.2,-0.3,17:32:02,825.7,38.225395,-79.364449,8,CAL,280.9,7.5,FALSE,FALSE,FALSE,FALSE,38.4,-79.6,177.5,2.5,,825.7,38.225395,-79.364449
1083,0:08:52,130,F,LAUNCH_PAD,-0.3,36.8,92.4,4,-0.1,-0.3,0.1,-0.1,9.8,-0.2,-0.3,17:32:03,825.5,38.225391,-79.364449,7,CAL,280.9,7.5,FALSE,FALSE,FALSE,FALSE,38.4,-79.6,177.5,2.5,,825.5,38.225391,-79.364449
1083,0:08:53,131,F,LAUNCH_PAD,0.5,36.8,92.4,4,-0.1,0.2,0.2,-0.1,9.9,-0.2,-0.3,17:32:04,825.5,38.225388,-79.364449,7,CAL,281,7.5,FALSE,FALSE,FALSE,FALSE,38.4,-79.6,177.5,2.5,,825.5,38.225388,-79.364449
1083,0:08:54,132,F,LAUNCH_PAD,0.4,36.8,92.4,4,-0.1,0.1,0,-0.1,9.9,-0.3,-0.3,17:32:05,825.4,38.225388,-79.364449,7,CAL,281.1,7.5,FALSE,FALSE,FALSE,FALSE,38.4,-79.6,177.5,2.5,,825.4,38.225388,-79.364449
1083,0:08:55,133,F,LAUNCH_PAD,-0.1,36.8,92.4,4,-0.1,0.1,0,-0.2,9.9,-0.3,-0.4,17:32:06,825.3,38.225391,-79.364449,7,CAL,281.1,7.5,FALSE,FALSE,FALSE,FALSE,38.4,-79.6,177.5,2.5,,825.3,38.225391,-79.364449
1083,0:08:56,134,F,LAUNCH_PAD,-0.2,36.8,92.4,4,-0.1,-0.6,0,-0.1,9.9,-0.2,-0.3,17:32:07,825.2,38.225391,-79.364449,7,CAL,281.1,7.5,FALSE,FALSE,FALSE,FALSE,38.4,-79.6,177.5,2.5,,825.2,38.225391,-79.364449
1083,0:08:57,135,F,LAUNCH_PAD,-0.1,36.9,92.4,4,-0.1,0.1,0.2,0,9.9,-0.2,-0.3,17:32:08,825.2,38.225391,-79.364449,7,CAL,281.3,7.5,FALSE,FALSE,FALSE,FALSE,38.4,-79.6,177.5,2.5,,825.2,38.225391,-79.364449
1083,0:08:58,136,F,LAUNCH_PAD,0.2,36.8,92.4,4,-0.1,0.4,0.1,-0.2,9.9,-0.3,-0.3,17:32:09,825.2,38.225391,-79.364449,8,CAL,281.4,7.5,FALSE,FALSE,FALSE,FALSE,38.4,-79.6,177.5,2.5,,825.2,38.225391,-79.364449
1083,0:08:59,137,F,LAUNCH_PAD,0.8,36.8,92.4,4,-0.1,-0.2,-0.1,-0.2,9.9,-0.3,-0.3,17:32:10,825.2,38.225391,-79.364449,8,CAL,281.7,7.5,FALSE,FALSE,FALSE,FALSE,38.4,-79.6,177.5,2.5,,825.2,38.225391,-79.364449
1083,0:09:00,138,F,LAUNCH_PAD,0.1,36.8,92.4,4,-0.1,0,0.1,0,9.9,-0.2,-0.3,17:32:11,825.1,38.225391,-79.364449,8,CAL,281.7,7.5,FALSE,FALSE,FALSE,FALSE,38.4,-79.6,177.5,2.5,,825.1,38.225391,-79.364449
1083,0:09:01,139,F,LAUNCH_PAD,-0.4,36.8,92.4,4,-0.1,-0.2,0.1,-0.1,9.9,-0.3,-0.3,17:32:12,825.1,38.225391,-79.364449,7,CAL,281.6,7.5,FALSE,FALSE,FALSE,FALSE,38.4,-79.6,177.5,2.5,,825.1,38.225391,-79.364449
1083,0:09:02,140,F,LAUNCH_PAD,-0.3,36.8,92.4,4,-0.1,1.3,0,0.1,9.9,-0.2,-0.3,17:32:13,825.1,38.225395,-79.364449,7,CAL,281.5,7.5,FALSE,FALSE,FALSE,FALSE,38.4,-79.6,177.5,2.5,,825.1,38.225395,-79.364449
1083,0:09:03,141,F,LAUNCH_PAD,0,36.8,92.4,4,-0.1,-1.7,0,0.2,9.8,-0.2,-0.3,17:32:14,825.1,38.225395,-79.364449,7,CAL,281.4,7.5,FALSE,FALSE,FALSE,FALSE,38.4,-79.6,177.5,2.5,,825.1,38.225395,-79.364449
1083,0:09:04,142,F,LAUNCH_PAD,-0.4,36.8,92.4,4,-0.1,0.5,0,0.1,9.8,-0.3,-0.3,17:32:15,825,38.225395,-79.364449,7,CAL,281.3,7.5,FALSE,FALSE,FALSE,FALSE,38.4,-79.6,177.5,2.5,,825,38.225395,-79.364449
1083,0:09:05,143,F,LAUNCH_PAD,-0.5,36.7,92.4,4,-0.1,-0.2,-0.1,0.4,9.9,-0.3,-0.3,17:32:16,825,38.225395,-79.364449,7,CAL,281.1,7.5,FALSE,FALSE,FALSE,FALSE,38.4,-79.6,177.5,2.5,,825,38.225395,-79.364449
1083,0:09:06,144,F,LAUNCH_PAD,0.1,36.7,92.4,4,-0.1,0.3,0,-0.1,9.9,-0.2,-0.3,17:32:17,825,38.225395,-79.364449,7,CAL,281.1,7.5,FALSE,FALSE,FALSE,FALSE,38.4,-79.6,177.5,2.5,,825,38.225395,-79.364449
1083,0:09:07,145,F,LAUNCH_PAD,0,36.8,92.4,4,-0.1,-0.3,0,0,9.9,-0.3,-0.3,17:32:18,825,38.225395,-79.364449,7,CAL,281.1,7.5,FALSE,FALSE,FALSE,FALSE,38.4,-79.6,177.5,2.5,,825,38.225395,-79.364449
1083,0:09:08,146,F,LAUNCH_PAD,-0.3,36.8,92.4,4,-0.1,0.4,-0.1,0.1,9.8,-0.3,-0.4,17:32:19,825,38.225395,-79.364449,7,CAL,281.1,7.5,FALSE,FALSE,FALSE,FALSE,38.4,-79.6,177.5,2.5,,825,38.225395,-79.364449
1083,0:09:09,147,F,LAUNCH_PAD,-0.2,36.8,92.4,4,-0.1,0.8,0.1,0,9.9,-0.3,-0.4,17:32:20,824.9,38.225391,-79.364449,6,CAL,281.2,7.5,FALSE,FALSE,FALSE,FALSE,38.4,-79.6,177.5,2.5,,824.9,38.225391,-79.364449
1083,0:11:38,148,F,LAUNCH_PAD,-0.5,37,92.4,4,-0.1,-0.6,0.2,-0.2,9.9,-0.3,-0.3,17:34:50,823.2,38.22541,-79.364456,8,CXON,278.3,7.5,FALSE,FALSE,FALSE,FALSE,38.2,-79.4,177.5,2.5,,823.2,38.22541,-79.364456
1083,0:11:40,149,F,LAUNCH_PAD,-0.2,37,92.4,4,-0.1,0.1,0.1,-0.1,9.9,-0.2,-0.3,17:34:51,823.2,38.22541,-79.364456,8,CXON,278.1,7.5,FALSE,FALSE,FALSE,FALSE,38.2,-79.4,177.5,2.5,,823.2,38.22541,-79.364456
1083,0:11:41,150,F,LAUNCH_PAD,-0.3,37,92.4,4,-0.1,0.6,0.3,-0.1,9.8,-0.2,-0.4,17:34:52,823.2,38.225407,-79.364456,8,CXON,277.9,7.5,FALSE,FALSE,FALSE,FALSE,38.2,-79.4,177.5,2.5,,823.2,38.225407,-79.364456
1083,0:11:42,151,F,LAUNCH_PAD,0,37.1,92.4,4,-0.1,0.7,0.2,0.1,9.9,-0.2,-0.4,17:34:53,823.1,38.225407,-79.364464,8,CXON,277.4,7.5,FALSE,FALSE,FALSE,FALSE,38.2,-79.4,177.5,2.5,,823.1,38.225407,-79.364464
1083,0:11:43,152,F,LAUNCH_PAD,0.4,37.1,92.4,4,-0.1,-0.1,-0.1,-0.2,9.9,-0.2,-0.4,17:34:54,823,38.225403,-79.364464,8,CXON,277.1,7.5,FALSE,FALSE,FALSE,FALSE,38.2,-79.4,177.5,2.5,,823,38.225403,-79.364464
1083,0:11:44,153,F,LAUNCH_PAD,0.2,37.1,92.4,4,-0.1,1.1,0.1,-0.2,9.8,-0.2,-0.4,17:34:55,822.9,38.225403,-79.364464,8,CXON,276.5,7.5,FALSE,FALSE,FALSE,FALSE,38.2,-79.4,177.5,2.5,,822.9,38.225403,-79.364464
1083,0:11:45,154,F,LAUNCH_PAD,-0.4,37.1,92.4,4,-0.1,0.4,-0.1,0.3,9.9,-0.2,-0.4,17:34:56,822.8,38.225403,-79.364471,8,CXON,276.2,7.5,FALSE,FALSE,FALSE,FALSE,38.2,-79.4,177.5,2.5,,822.8,38.225403,-79.364471
1083,0:11:47,155,F,LAUNCH_PAD,0.1,37.1,92.4,4,-0.1,-0.6,0.1,0.3,9.9,-0.2,-0.4,17:34:58,822.7,38.225399,-79.364471,8,CXON,275.9,7.5,FALSE,FALSE,FALSE,FALSE,38.2,-79.4,177.5,2.5,,822.7,38.225399,-79.364471
1083,0:11:48,156,F,LAUNCH_PAD,-0.3,37.1,92.4,4,-0.1,0.6,0,0,9.8,-0.2,-0.4,17:34:59,822.6,38.225395,-79.364471,8,CXON,275.8,7.5,FALSE,FALSE,FALSE,FALSE,38.2,-79.4,177.5,2.5,,822.6,38.225395,-79.364471
1083,0:11:49,157,F,LAUNCH_PAD,0.5,37.1,92.4,4,-0.1,-0.5,0.1,0.2,9.9,-0.3,-0.3,17:35:00,822.5,38.225388,-79.364471,8,CXON,275.8,7.5,FALSE,FALSE,FALSE,FALSE,38.2,-79.4,177.5,2.5,,822.5,38.225388,-79.364471
1083,0:11:50,158,F,LAUNCH_PAD,1,37.1,92.4,4,-0.1,1.8,0,0.2,9.8,-0.2,-0.3,17:35:01,822.5,38.225391,-79.364471,7,CXON,275.6,7.5,FALSE,FALSE,FALSE,FALSE,38.2,-79.4,177.5,2.5,,822.5,38.225391,-79.364471
1083,0:11:51,159,F,LAUNCH_PAD,-0.4,37.1,92.4,4,-0.1,-0.4,-0.1,0,9.9,-0.3,-0.3,17:35:02,822.5,38.225391,-79.364471,7,CXON,275.4,7.5,FALSE,FALSE,FALSE,FALSE,38.2,-79.4,177.5,2.5,,822.5,38.225391,-79.364471
1083,0:11:52,160,F,LAUNCH_PAD,0.3,37.1,92.4,4,-0.1,0.7,-0.1,0.3,9.8,-0.3,-0.3,17:35:03,822.4,38.225391,-79.364464,6,CXON,275.4,7.5,FALSE,FALSE,FALSE,FALSE,38.2,-79.4,177.5,2.5,,822.4,38.225391,-79.364464
1083,0:11:53,161,F,LAUNCH_PAD,-0.2,37.2,92.4,4,-0.1,0.4,0.2,0,9.9,-0.3,-0.3,17:35:04,822.3,38.225391,-79.364464,7,CXON,275.2,7.5,FALSE,FALSE,FALSE,FALSE,38.2,-79.4,177.5,2.5,,822.3,38.225391,-79.364464
1083,0:11:54,162,F,LAUNCH_PAD,0,37.2,92.4,4,-0.1,-0.2,-0.1,0.1,9.8,-0.3,-0.3,17:35:05,822.3,38.225388,-79.364464,7,CXON,275.2,7.5,FALSE,FALSE,FALSE,FALSE,38.2,-79.4,177.5,2.5,,822.3,38.225388,-79.364464
1083,0:11:55,163,F,LAUNCH_PAD,0,37.2,92.4,4,-0.1,-0.2,-0.1,0.1,9.9,-0.3,-0.4,17:35:06,822.2,38.225391,-79.364456,7,CXON,275.5,7.5,FALSE,FALSE,FALSE,FALSE,38.2,-79.4,177.5,2.5,,822.2,38.225391,-79.364456
1083,0:11:56,164,F,LAUNCH_PAD,-0.3,37.2,92.4,4,-0.1,1.9,0.2,0.1,9.8,-0.3,-0.3,17:35:07,822.2,38.225388,-79.364456,7,CXON,275.3,7.5,FALSE,FALSE,FALSE,FALSE,38.2,-79.4,177.5,2.5,,822.2,38.225388,-79.364456
1083,0:11:57,165,F,LAUNCH_PAD,0.5,37.2,92.4,4,-0.1,-0.9,-0.1,0.1,9.8,-0.2,-0.4,17:35:08,822.3,38.225388,-79.364464,6,CXON,275.4,7.5,FALSE,FALSE,FALSE,FALSE,38.2,-79.4,177.5,2.5,,822.3,38.225388,-79.364464
1083,0:11:58,166,F,LAUNCH_PAD,0.6,37.2,92.4,4,-0.1,-1.9,-0.2,0.1,9.8,-0.3,-0.3,17:35:09,822.2,38.22538,-79.364464,8,CXON,275.1,7.5,FALSE,FALSE,FALSE,FALSE,38.2,-79.4,177.6,2.4,,822.2,38.22538,-79.364464
1083,0:11:59,167,F,LAUNCH_PAD,-0.1,37.2,92.4,4,-0.1,1.1,0.2,0.1,9.9,-0.3,-0.2,17:35:10,822.1,38.22538,-79.364456,8,CXON,275.2,7.5,FALSE,FALSE,FALSE,FALSE,38.2,-79.4,177.5,2.5,,822.1,38.22538,-79.364456
1083,0:12:00,168,F,LAUNCH_PAD,0.6,37.2,92.4,4,-0.1,-1.8,0.2,-0.1,9.9,-0.3,-0.3,17:35:11,822.1,38.22538,-79.364456,7,CXON,275.2,7.5,FALSE,FALSE,FALSE,FALSE,38.2,-79.4,177.5,2.5,,822.1,38.22538,-79.364456
1083,0:12:01,169,F,LAUNCH_PAD,0.3,37.2,92.4,4,-0.1,0.4,0,-0.2,9.8,-0.2,-0.3,17:35:11,822.1,38.22538,-79.364456,7,CXON,275.2,7.5,FALSE,FALSE,FALSE,FALSE,38.2,-79.4,177.5,2.5,,822.1,38.22538,-79.364456
1083,0:12:02,170,F,LAUNCH_PAD,0,37.3,92.4,4,-0.1,0.5,-0.1,0.2,9.8,-0.3,-0.3,17:35:13,822.1,38.225376,-79.364456,7,CXON,275.3,7.5,FALSE,FALSE,FALSE,FALSE,38.2,-79.4,177.5,2.5,,822.1,38.225376,-79.364456
1083,0:12:03,171,F,LAUNCH_PAD,0.1,37.3,92.4,4,-0.1,1.6,-0.2,-0.1,9.9,-0.3,-0.3,17:35:14,822.1,38.225376,-79.364456,8,CXON,275.2,7.5,FALSE,FALSE,FALSE,FALSE,38.2,-79.4,177.5,2.5,,822.1,38.225376,-79.364456
1083,0:12:04,172,F,LAUNCH_PAD,0.2,37.2,92.4,4,-0.1,1.5,-0.1,-0.2,9.9,-0.2,-0.3,17:35:15,822,38.22538,-79.364456,8,CXON,274.8,7.5,FALSE,FALSE,FALSE,FALSE,38.2,-79.4,177.6,2.4,,822,38.22538,-79.364456
1083,0:12:05,173,F,LAUNCH_PAD,0.2,37.2,92.4,4,-0.1,-1.6,0.1,-0.2,9.9,-0.3,-0.3,17:35:16,822.1,38.225376,-79.364456,8,CXON,274.6,7.5,FALSE,FALSE,FALSE,FALSE,38.2,-79.4,177.6,2.4,,822.1,38.225376,-79.364456
1083,0:12:06,174,F,LAUNCH_PAD,0,37.2,92.4,4,-0.1,-0.1,-0.1,0.1,9.8,-0.2,-0.3,17:35:17,822.1,38.22538,-79.364456,7,CXON,274.4,7.5,FALSE,FALSE,FALSE,FALSE,38.2,-79.4,177.6,2.4,,822.1,38.22538,-79.364456
1083,0:12:07,175,F,LAUNCH_PAD,0.3,37.2,92.4,4,-0.1,-0.5,-0.2,-0.2,9.9,-0.3,-0.3,17:35:18,822.2,38.225384,-79.364456,7,CXON,274.4,7.5,FALSE,FALSE,FALSE,FALSE,38.2,-79.4,177.6,2.4,,822.2,38.225384,-79.364456
1083,0:12:08,176,F,LAUNCH_PAD,0.3,37.2,92.4,4,-0.1,0.2,0.3,0.1,9.8,-0.2,-0.3,17:35:19,822.1,38.225384,-79.364456,7,CXON,274.4,7.5,FALSE,FALSE,FALSE,FALSE,38.2,-79.4,177.6,2.4,,822.1,38.225384,-79.364456
1083,0:12:09,177,F,LAUNCH_PAD,-0.3,37.2,92.4,4,-0.1,-0.4,0,0.2,9.8,-0.3,-0.3,17:35:20,822.1,38.225388,-79.364456,7,CXON,274.4,7.5,FALSE,FALSE,FALSE,FALSE,38.2,-79.4,177.6,2.4,,822.1,38.225388,-79.364456
1083,0:12:10,178,F,LAUNCH_PAD,-0.6,37.2,92.4,4,-0.1,-0.2,0,0.2,9.8,-0.2,-0.3,17:35:21,822.1,38.225388,-79.364456,7,CXON,274.4,7.5,FALSE,FALSE,FALSE,FALSE,38.2,-79.4,177.6,2.4,,822.1,38.225388,-79.364456
1083,0:12:11,179,F,LAUNCH_PAD,-0.3,37.2,92.4,4,-0.1,0.4,0.1,0.1,9.9,-0.3,-0.4,17:35:22,822.1,38.225388,-79.364449,7,CXON,274.3,7.5,FALSE,FALSE,FALSE,FALSE,38.2,-79.4,177.6,2.4,,822.1,38.225388,-79.364449
1083,0:12:12,180,F,LAUNCH_PAD,0.5,37.2,92.4,4,-0.1,-0.1,0.1,0.1,9.9,-0.3,-0.3,17:35:23,822.1,38.225388,-79.364449,7,CXON,274.3,7.5,FALSE,FALSE,FALSE,FALSE,38.2,-79.4,177.6,2.4,,822.1,38.225388,-79.364449
1083,0:12:13,181,F,LAUNCH_PAD,0.2,37.2,92.4,4,-0.1,-0.2,-0.1,0.1,9.8,-0.3,-0.3,17:35:24,822,38.225388,-79.364449,7,CXON,274.3,7.5,FALSE,FALSE,FALSE,FALSE,38.2,-79.4,177.6,2.4,,822,38.225388,-79.364449
1083,0:12:14,182,F,LAUNCH_PAD,0.3,37.2,92.4,4,-0.1,-0.4,-0.3,0,9.9,-0.2,-0.3,17:35:25,822,38.225388,-79.364449,9,CXON,274.3,7.5,FALSE,FALSE,FALSE,FALSE,38.2,-79.4,177.6,2.4,,822,38.225388,-79.364449
1083,0:12:15,183,F,LAUNCH_PAD,0,37.2,92.4,4,-0.1,0,-0.1,-0.1,9.9,-0.2,-0.3,17:35:26,822,38.225391,-79.364441,9,CXON,274.2,7.5,FALSE,FALSE,FALSE,FALSE,38.2,-79.4,177.6,2.4,,822,38.225391,-79.364441
1083,0:12:16,184,F,LAUNCH_PAD,0.5,37.2,92.4,4,-0.1,-0.7,0,0,9.8,-0.2,-0.3,17:35:27,822,38.225391,-79.364441,9,CXON,274.2,7.5,FALSE,FALSE,FALSE,FALSE,38.2,-79.4,177.6,2.4,,822,38.225391,-79.364441
1083,0:12:17,185,F,LAUNCH_PAD,0.3,37.2,92.4,4,-0.1,0.3,0,0.4,9.8,-0.2,-0.3,17:35:28,822,38.225388,-79.364441,9,CXON,274.6,7.5,FALSE,FALSE,FALSE,FALSE,38.2,-79.4,177.6,2.4,,822,38.225388,-79.364441
1083,0:12:18,186,F,LAUNCH_PAD,-0.1,37.2,92.4,4,-0.1,-0.2,-0.2,0.1,9.8,-0.2,-0.4,17:35:29,822,38.225384,-79.364433,9,CXON,274.7,7.5,FALSE,FALSE,FALSE,FALSE,38.2,-79.4,177.6,2.4,,822,38.225384,-79.364433
1083,0:12:19,187,F,LAUNCH_PAD,-0.6,37.3,92.4,4,-0.1,0.4,-0.1,-0.1,9.9,-0.2,-0.3,17:35:30,822,38.225384,-79.364433,9,CXON,274.7,7.5,FALSE,FALSE,FALSE,FALSE,38.2,-79.4,177.6,2.4,,822,38.225384,-79.364433
1083,0:12:20,188,F,LAUNCH_PAD,0,37.3,92.4,4,-0.1,-0.8,0.1,0.1,9.9,-0.2,-0.3,17:35:31,822,38.225384,-79.364433,9,CXON,274.9,7.5,FALSE,FALSE,FALSE,FALSE,38.2,-79.4,177.6,2.4,,822,38.225384,-79.364433
1083,0:12:21,189,F,LAUNCH_PAD,-0.3,37.3,92.4,4,-0.1,0.7,-0.2,-0.1,9.8,-0.2,-0.4,17:35:32,822,38.220001,-79.364441,8,CXON,275,7.5,FALSE,FALSE,FALSE,FALSE,38.2,-79.4,177.5,2.5,,,,
1083,0:12:22,190,F,LAUNCH_PAD,0.3,37.3,92.4,4,-0.1,-0.1,-0.2,0.1,9.8,-0.2,-0.4,17:35:33,822,38.225388,-79.364441,8,CXON,275.1,7.5,FALSE,FALSE,FALSE,FALSE,38.2,-79.4,177.5,2.5,,822,38.225388,-79.364441
1083,0:12:23,191,F,LAUNCH_PAD,-0.4,37.3,92.4,4,-0.1,-0.5,-0.3,-0.1,9.9,-0.2,-0.4,17:35:34,822,38.225391,-79.364441,8,CXON,275.1,7.5,FALSE,FALSE,FALSE,FALSE,38.2,-79.4,177.5,2.5,,822,38.225391,-79.364441
1083,0:12:24,192,F,LAUNCH_PAD,0.2,37.3,92.4,4,-0.1,-0.5,-0.1,-0.2,9.9,-0.2,-0.4,17:35:35,822,38.225391,-79.364441,8,CXON,275.3,7.5,FALSE,FALSE,FALSE,FALSE,38.2,-79.4,177.5,2.5,,822,38.225391,-79.364441
1083,0:12:25,193,F,LAUNCH_PAD,0.3,37.3,92.4,4,-0.1,0.7,-0.2,0.1,9.9,-0.2,-0.4,17:35:36,822,38.225399,-79.364441,8,CXON,275.4,7.5,FALSE,FALSE,FALSE,FALSE,38.2,-79.4,177.5,2.5,,822,38.225399,-79.364441
1083,0:12:26,194,F,LAUNCH_PAD,0.4,37.3,92.4,4,-0.1,-0.1,-0.2,-0.4,9.9,-0.2,-0.4,17:35:37,822.1,38.225399,-79.364441,8,CXON,275.5,7.5,FALSE,FALSE,FALSE,FALSE,38.2,-79.4,177.5,2.5,,822.1,38.225399,-79.364441
1083,0:12:27,195,F,LAUNCH_PAD,0.1,37.3,92.4,4,-0.1,0.1,-0.1,-0.1,9.9,-0.2,-0.4,17:35:38,822.1,38.225399,-79.364441,8,CXON,275.6,7.5,FALSE,FALSE,FALSE,FALSE,38.2,-79.4,177.5,2.5,,822.1,38.225399,-79.364441
1083,0:12:28,196,F,LAUNCH_PAD,0.1,37.3,92.4,4,-0.1,0.4,-0.1,-0.3,9.8,-0.3,-0.3,17:35:39,822.1,38.225399,-79.364441,8,CXON,275.6,7.5,FALSE,FALSE,FALSE,FALSE,38.2,-79.4,177.5,2.5,,822.1,38.225399,-79.364441
1083,0:12:29,197,F,LAUNCH_PAD,0.1,37.3,92.4,4,-0.1,-0.2,0.2,-0.4,9.9,-0.2,-0.4,17:35:40,822.1,38.225399,-79.364441,8,CXON,275.6,7.5,FALSE,FALSE,FALSE,FALSE,38.2,-79.4,177.5,2.5,,822.1,38.225399,-79.364441
1083,0:12:30,198,F,LAUNCH_PAD,0.1,37.3,92.4,4,-0.1,0.8,-0.1,-0.1,9.9,-0.2,-0.4,17:35:41,822.1,38.225403,-79.364433,8,CXON,275.6,7.5,FALSE,FALSE,FALSE,FALSE,38.2,-79.4,177.5,2.5,,822.1,38.225403,-79.364433
1083,0:12:31,199,F,LAUNCH_PAD,0.5,37.3,92.4,4,-0.1,1.2,-0.1,-0.1,9.9,-0.2,-0.4,17:35:42,822.1,38.225407,-79.364433,8,CXON,275.5,7.5,FALSE,FALSE,FALSE,FALSE,38.2,-79.4,177.5,2.5,,822.1,38.225407,-79.364433
1083,0:12:32,200,F,LAUNCH_PAD,0.2,37.3,92.4,4,-0.1,-0.4,-0.2,0.1,9.8,-0.2,-0.4,17:35:43,822.2,38.22541,-79.364433,8,CXON,275.4,7.5,FALSE,FALSE,FALSE,FALSE,38.2,-79.4,177.5,2.5,,822.2,38.22541,-79.364433
1083,0:12:33,201,F,LAUNCH_PAD,0.3,37.4,92.4,4,-0.1,0.4,-0.1,-0.1,9.8,-0.2,-0.3,17:35:44,822.2,38.225414,-79.364433,8,CXON,275.2,7.5,FALSE,FALSE,FALSE,FALSE,38.2,-79.4,177.5,2.5,,822.2,38.225414,-79.364433
1083,0:12:34,202,F,LAUNCH_PAD,0.5,37.3,92.4,4,-0.1,0.1,0.1,0.1,9.8,-0.3,-0.4,17:35:45,822.2,38.225418,-79.364433,8,CXON,275,7.5,FALSE,FALSE,FALSE,FALSE,38.2,-79.4,177.5,2.5,,822.2,38.225418,-79.364433
1083,0:12:35,203,F,LAUNCH_PAD,0.1,37.3,92.4,4,-0.1,0.6,0,0.1,9.9,-0.2,-0.3,17:35:46,822.3,38.225422,-79.364433,9,CXON,274.8,7.5,FALSE,FALSE,FALSE,FALSE,38.2,-79.4,177.6,2.4,,822.3,38.225422,-79.364433
1083,0:12:36,204,F,LAUNCH_PAD,0,37.3,92.4,4,-0.1,-0.6,0,-0.1,9.9,-0.3,-0.3,17:35:47,822.4,38.225426,-79.364433,9,CXON,274.9,7.5,FALSE,FALSE,FALSE,FALSE,38.2,-79.4,177.6,2.4,,822.4,38.225426,-79.364433
1083,0:12:37,205,F,LAUNCH_PAD,0.1,37.3,92.4,4,-0.1,-8.8,-0.5,0.3,9.8,-0.2,-0.3,17:35:47,822.4,38.225426,-79.364433,9,CXON,274.8,7.5,FALSE,FALSE,FALSE,FALSE,38.2,-79.4,177.5,2.5,,822.4,38.225426,-79.364433
1083,0:12:38,206,F,LAUNCH_PAD,0.1,37.3,92.4,4,-0.1,2.5,0.3,0,9.8,-0.2,-0.3,17:35:48,822.4,38.225426,-79.364433,9,CXON,274.4,7.5,FALSE,FALSE,FALSE,FALSE,38.2,-79.4,177.6,2.4,,822.4,38.225426,-79.364433
1083,0:12:39,207,F,LAUNCH_PAD,0.5,37.3,92.4,4,-0.1,-0.8,0.2,0.1,9.9,-0.2,-0.3,17:35:49,822.5,38.225426,-79.364433,9,CXON,274.2,7.5,FALSE,FALSE,FALSE,FALSE,38.2,-79.4,177.6,2.4,,822.5,38.225426,-79.364433
1083,0:12:40,208,F,LAUNCH_PAD,0.1,37.2,92.4,4,-0.1,0.2,-0.1,0,9.8,-0.2,-0.3,17:35:50,822.5,38.225433,-79.364433,9,CXON,274.2,7.5,FALSE,FALSE,FALSE,FALSE,38.2,-79.4,177.6,2.4,,822.5,38.225433,-79.364433
1083,0:12:41,209,F,LAUNCH_PAD,0.1,37.2,92.4,4,-0.1,-0.4,-0.1,0.1,9.8,-0.2,-0.3,17:35:52,822.4,38.225426,-79.364433,9,CXON,274.1,7.5,FALSE,FALSE,FALSE,FALSE,38.2,-79.4,177.6,2.4,,822.4,38.225426,-79.364433
1083,0:12:42,210,F,LAUNCH_PAD,-0.1,37.2,92.4,4,-0.1,0.1,0.1,0,9.9,-0.2,-0.3,17:35:52,822.4,38.225426,-79.364433,9,CXON,274.1,7.5,FALSE,FALSE,FALSE,FALSE,38.2,-79.4,177.6,2.4,,822.4,38.225426,-79.364433
1083,0:12:43,211,F,LAUNCH_PAD,0.3,37.2,92.4,4,-0.1,-0.1,0.1,0,9.9,-0.3,-0.3,17:35:53,822.4,38.225426,-79.364441,9,CXON,274.1,7.5,FALSE,FALSE,FALSE,FALSE,38.2,-79.4,177.6,2.4,,822.4,38.225426,-79.364441
1083,0:12:44,212,F,LAUNCH_PAD,-0.3,37.2,92.4,4,-0.1,-0.1,0.2,0.1,9.9,-0.2,-0.3,17:35:54,822.4,38.225422,-79.364441,9,CXON,274,7.5,FALSE,FALSE,FALSE,FALSE,38.2,-79.4,177.6,2.4,,822.4,38.225422,-79.364441
1083,0:12:45,213,F,LAUNCH_PAD,-0.3,37.2,92.4,4,-0.1,0.4,0.1,0.2,9.8,-0.3,-0.3,17:35:55,822.2,38.225418,-79.364441,9,CXON,274,7.5,FALSE,FALSE,FALSE,FALSE,38.2,-79.4,177.6,2.4,,822.2,38.225418,-79.364441
1083,0:12:46,214,F,LAUNCH_PAD,0.3,37.2,92.4,4,-0.1,-0.6,-0.2,0.2,9.9,-0.2,-0.3,17:35:56,822,38.225414,-79.364441,9,CXON,274,7.5,FALSE,FALSE,FALSE,FALSE,38.2,-79.4,177.6,2.4,,822,38.225414,-79.364441
1083,0:12:47,215,F,LAUNCH_PAD,-0.2,37.2,92.4,4,-0.1,0.1,-0.1,0,9.9,-0.2,-0.3,17:35:57,821.9,38.225414,-79.364441,9,CXON,274.1,7.5,FALSE,FALSE,FALSE,FALSE,38.2,-79.4,177.6,2.4,,821.9,38.225414,-79.364441
1083,0:12:48,216,F,LAUNCH_PAD,0.2,37.3,92.4,4,-0.1,-0.1,0,0,9.8,-0.2,-0.3,17:35:58,821.9,38.22541,-79.364441,9,CXON,274.1,7.5,FALSE,FALSE,FALSE,FALSE,38.2,-79.4,177.6,2.4,,821.9,38.22541,-79.364441
1083,0:12:49,217,F,LAUNCH_PAD,-0.1,37.3,92.4,4,-0.1,0,-0.1,-0.1,9.9,-0.2,-0.3,17:35:59,822.1,38.22541,-79.364441,8,CXON,274.1,7.5,FALSE,FALSE,FALSE,FALSE,38.2,-79.4,177.6,2.4,,822.1,38.22541,-79.364441
1083,0:12:50,218,F,LAUNCH_PAD,0,37.3,92.4,4,-0.1,0.1,-0.1,-0.1,9.9,-0.3,-0.3,17:36:00,822.1,38.225407,-79.364441,8,SETN,274.1,7.5,FALSE,FALSE,FALSE,FALSE,38.2,-79.4,177.6,2.4,,822.1,38.225407,-79.364441
1083,0:12:51,219,F,LAUNCH_PAD,-0.2,37.3,92.4,4,-0.1,0.1,0.1,-0.1,9.9,-0.3,-0.3,17:36:01,822.2,38.225407,-79.364441,8,SETN,0,7.5,FALSE,FALSE,FALSE,FALSE,38.2,-79.4,177.6,2.4,,822.2,38.225407,-79.364441
1083,0:12:52,220,F,LAUNCH_PAD,0,37.3,92.4,4,-0.1,0,-0.1,0.2,9.8,-0.3,-0.3,17:36:02,822.3,38.22541,-79.364441,8,SETN,0,7.5,FALSE,FALSE,FALSE,FALSE,38.2,-79.4,177.6,2.4,,822.3,38.22541,-79.364441
1083,0:12:53,221,F,LAUNCH_PAD,0,37.4,92.4,4,-0.1,0.1,-0.1,0,9.8,-0.2,-0.3,17:36:03,822.3,38.225414,-79.364441,8,SETN,0,7.5,FALSE,FALSE,FALSE,FALSE,38.2,-79.4,177.6,2.4,,822.3,38.225414,-79.364441
1083,0:12:54,222,F,LAUNCH_PAD,-0.2,37.4,92.4,4,-0.1,-0.1,0.1,0,9.9,-0.2,-0.3,17:36:04,822.4,38.22541,-79.364441,8,SETN,0,7.5,FALSE,FALSE,FALSE,FALSE,38.2,-79.4,177.6,2.4,,822.4,38.22541,-79.364441
1083,0:12:56,223,F,LAUNCH_PAD,0.3,37.5,92.4,4,-0.1,0,0.1,-0.1,9.9,-0.2,-0.3,17:36:07,822.4,38.225403,-79.364433,8,CXON,0,7.5,FALSE,FALSE,FALSE,FALSE,38.2,-79.4,177.6,2.4,,822.4,38.225403,-79.364433
1083,0:12:57,224,F,LAUNCH_PAD,0.2,37.4,92.4,4,-0.1,-0.3,-0.1,0.1,9.8,-0.2,-0.3,17:36:07,822.4,38.225403,-79.364433,8,CXON,0,7.5,FALSE,FALSE,FALSE,FALSE,38.2,-79.4,177.6,2.4,,822.4,38.225403,-79.364433
1083,0:12:58,225,F,LAUNCH_PAD,0.5,37.5,92.4,4,-0.1,0.1,0.1,0,9.8,-0.2,-0.3,17:36:08,822.4,38.225403,-79.364433,8,CXON,0,7.5,FALSE,FALSE,FALSE,FALSE,38.2,-79.4,177.6,2.4,,822.4,38.225403,-79.364433
1083,0:12:59,226,F,LAUNCH_PAD,0,37.4,92.4,4,-0.1,0.1,-0.2,0.2,9.8,-0.2,-0.3,17:36:09,822.5,38.225407,-79.364433,9,CXON,0,7.5,FALSE,FALSE,FALSE,FALSE,38.2,-79.4,177.6,2.4,,822.5,38.225407,-79.364433
1083,0:13:00,227,F,LAUNCH_PAD,0.7,37.4,92.4,4,-0.1,-0.1,0.1,-0.1,9.9,-0.2,-0.3,17:36:10,822.5,38.225403,-79.364433,9,CXON,0,7.5,FALSE,FALSE,FALSE,FALSE,38.2,-79.4,177.6,2.4,,822.5,38.225403,-79.364433
1083,0:13:01,228,F,LAUNCH_PAD,0.2,37.4,92.4,4,-0.1,0.1,0.1,-0.1,9.8,-0.3,-0.3,17:36:11,822.5,38.225403,-79.364433,9,CXON,0,7.5,FALSE,FALSE,FALSE,FALSE,38.2,-79.4,177.6,2.4,,822.5,38.225403,-79.364433
1083,0:13:02,229,F,LAUNCH_PAD,-0.1,37.4,92.4,4,-0.1,0,-0.1,0.2,9.9,-0.2,-0.3,17:36:12,822.5,38.225403,-79.364433,9,CXON,0,7.5,FALSE,FALSE,FALSE,FALSE,38.2,-79.4,177.6,2.4,,822.5,38.225403,-79.364433
1083,0:13:03,230,F,LAUNCH_PAD,0.1,37.4,92.4,4,-0.1,0,0.2,0.2,9.8,-0.2,-0.3,17:36:13,822.5,38.225403,-79.364433,9,CXON,0,7.5,FALSE,FALSE,FALSE,FALSE,38.2,-79.4,177.6,2.4,,822.5,38.225403,-79.364433
1083,0:13:04,231,F,LAUNCH_PAD,-0.1,37.5,92.4,4,-0.1,-0.1,-0.1,-0.2,9.9,-0.2,-0.3,17:36:14,822.5,38.225407,-79.364441,9,CXON,0,7.5,FALSE,FALSE,FALSE,FALSE,38.2,-79.4,177.6,2.4,,822.5,38.225407,-79.364441
1083,0:13:05,232,F,LAUNCH_PAD,0.3,37.5,92.4,4,-0.1,-0.1,0,0.2,9.9,-0.3,-0.3,17:36:15,822.5,38.225403,-79.364441,9,CXON,0,7.5,FALSE,FALSE,FALSE,FALSE,38.2,-79.4,177.6,2.4,,822.5,38.225403,-79.364441
1083,0:13:06,233,F,LAUNCH_PAD,-0.1,37.6,92.4,4,-0.1,0.2,0.1,0.2,9.9,-0.2,-0.3,17:36:16,822.4,38.225403,-79.364433,9,CXON,0,7.5,FALSE,FALSE,FALSE,FALSE,38.2,-79.4,177.6,2.4,,822.4,38.225403,-79.364433
1083,0:13:07,234,F,LAUNCH_PAD,0,37.6,92.4,4,-0.1,0.1,-0.1,0.1,9.9,-0.2,-0.3,17:36:17,822.4,38.225399,-79.364441,9,CXON,0,7.5,FALSE,FALSE,FALSE,FALSE,38.2,-79.4,177.6,2.4,,822.4,38.225399,-79.364441
1083,0:13:08,235,F,LAUNCH_PAD,0.7,37.6,92.4,4,-0.1,-0.1,-0.1,0.1,9.9,-0.2,-0.3,17:36:18,822.4,38.225399,-79.364441,9,CXON,0,7.5,FALSE,FALSE,FALSE,FALSE,38.2,-79.4,177.6,2.4,,822.4,38.225399,-79.364441
1083,0:13:09,236,F,LAUNCH_PAD,0.8,37.7,92.4,4,-0.1,0.2,-0.1,-0.1,9.8,-0.3,-0.3,17:36:19,822.5,38.225403,-79.364441,9,CXON,0,7.5,FALSE,FALSE,FALSE,FALSE,38.2,-79.4,177.6,2.4,,822.5,38.225403,-79.364441
1083,0:13:10,237,F,LAUNCH_PAD,0.1,37.7,92.4,4,-0.1,0,-0.1,-0.4,9.9,-0.3,-0.3,17:36:20,822.5,38.225407,-79.364441,9,CXON,0,7.5,FALSE,FALSE,FALSE,FALSE,38.2,-79.4,177.6,2.4,,822.5,38.225407,-79.364441
1083,0:13:11,238,F,LAUNCH_PAD,1.3,37.7,92.4,4,-0.1,0.1,0.1,0,9.9,-0.2,-0.3,17:36:21,822.5,38.225407,-79.364441,9,CXON,0,7.5,FALSE,FALSE,FALSE,FALSE,38.2,-79.4,177.6,2.4,,822.5,38.225407,-79.364441
1083,0:13:12,239,F,LAUNCH_PAD,-0.1,37.7,92.4,4,-0.1,-0.1,0.1,-0.1,9.8,-0.2,-0.3,17:36:22,822.5,38.225399,-79.364441,8,CXON,0,7.5,FALSE,FALSE,FALSE,FALSE,38.2,-79.4,177.6,2.4,,822.5,38.225399,-79.364441
1083,0:13:13,240,F,LAUNCH_PAD,1,37.7,92.4,4,-0.1,0.1,-0.1,0.1,9.9,-0.2,-0.3,17:36:23,822.5,38.225403,-79.364449,8,CXON,0,7.5,FALSE,FALSE,FALSE,FALSE,38.2,-79.4,177.6,2.4,,822.5,38.225403,-79.364449
1083,0:13:14,241,F,LAUNCH_PAD,0.1,37.7,92.4,4,-0.1,0,0.1,0.1,9.9,-0.2,-0.3,17:36:24,822.5,38.225403,-79.364449,8,CXON,0,7.5,FALSE,FALSE,FALSE,FALSE,38.2,-79.4,177.6,2.4,,822.5,38.225403,-79.364449
1083,0:13:15,242,F,LAUNCH_PAD,0.1,37.7,92.4,4,-0.1,0,0,-0.1,9.9,-0.2,-0.3,17:36:25,822.5,38.225403,-79.364449,8,CXON,0,7.5,FALSE,FALSE,FALSE,FALSE,38.2,-79.4,177.6,2.4,,822.5,38.225403,-79.364449
1083,0:13:16,243,F,LAUNCH_PAD,0.8,37.7,92.4,4,-0.1,-0.1,0.1,-0.3,9.9,-0.3,-0.3,17:36:26,822.4,38.225403,-79.364449,8,CXON,0,7.5,FALSE,FALSE,FALSE,FALSE,38.2,-79.4,177.6,2.4,,822.4,38.225403,-79.364449
1083,0:13:17,244,F,LAUNCH_PAD,1.2,37.8,92.4,4,-0.1,0.1,-0.1,-0.1,9.8,-0.3,-0.3,17:36:27,822.4,38.225399,-79.364456,8,CXON,0,7.5,FALSE,FALSE,FALSE,FALSE,38.2,-79.4,177.6,2.4,,822.4,38.225399,-79.364456
1083,0:13:18,245,F,LAUNCH_PAD,0.9,37.8,92.4,4,-0.1,0.1,-0.2,-0.1,9.8,-0.3,-0.3,17:36:28,822.4,38.225395,-79.364456,8,CXON,0,7.5,FALSE,FALSE,FALSE,FALSE,38.2,-79.4,177.6,2.4,,822.4,38.225395,-79.364456
1083,0:13:19,246,F,LAUNCH_PAD,0.4,37.7,92.4,4,-0.1,0.8,-0.1,0.3,9.9,-0.3,-0.3,17:36:29,822.4,38.225395,-79.364456,8,CXON,0,7.5,FALSE,FALSE,FALSE,FALSE,38.2,-79.4,177.6,2.4,,822.4,38.225395,-79.364456
1083,0:13:20,247,F,LAUNCH_PAD,0.4,37.7,92.4,4,-0.1,-0.3,0.1,0,9.9,-0.3,-0.3,17:36:30,822.4,38.225395,-79.364456,8,CXON,359.9,7.5,FALSE,FALSE,FALSE,FALSE,38.2,-79.4,177.6,2.4,,822.4,38.225395,-79.364456
1083,0:13:21,248,F,LAUNCH_PAD,0.5,37.7,92.4,4,-0.1,0.8,0.1,0.1,9.9,-0.3,-0.3,17:36:31,822.5,38.225391,-79.364456,7,CXON,359.7,7.5,FALSE,FALSE,FALSE,FALSE,38.2,-79.4,177.5,2.5,,822.5,38.225391,-79.364456
1083,0:13:22,249,F,LAUNCH_PAD,0.4,37.6,92.4,4,-0.1,0.4,0.1,-0.1,9.9,-0.2,-0.3,17:36:32,822.5,38.225391,-79.364456,7,CXON,359.6,7.5,FALSE,FALSE,FALSE,FALSE,38.2,-79.4,177.5,2.5,,822.5,38.225391,-79.364456
1083,0:13:23,250,F,LAUNCH_PAD,0.8,37.6,92.4,4,-0.1,0.1,0.1,0.1,9.9,-0.3,-0.3,17:36:33,822.5,38.225391,-79.364456,7,CXON,359.4,7.5,FALSE,FALSE,FALSE,FALSE,38.2,-79.4,177.5,2.5,,822.5,38.225391,-79.364456
1083,0:13:24,251,F,LAUNCH_PAD,0.5,37.6,92.4,4,-0.1,0.1,0.1,0,9.9,-0.2,-0.3,17:36:34,822.5,38.225388,-79.364456,7,CXON,359.3,7.5,FALSE,FALSE,FALSE,FALSE,38.2,-79.4,177.5,2.5,,822.5,38.225388,-79.364456
1083,0:13:25,252,F,LAUNCH_PAD,0.3,37.6,92.4,4,-0.1,1.9,0,-0.4,9.9,-0.2,-0.3,17:36:35,822.5,38.225388,-79.364456,7,CXON,359.1,7.5,FALSE,FALSE,FALSE,FALSE,38.2,-79.4,177.5,2.5,,822.5,38.225388,-79.364456
1083,0:13:26,253,F,LAUNCH_PAD,0.1,37.6,92.4,4,-0.1,-0.8,0,0,9.8,-0.3,-0.3,17:36:36,822.4,38.225384,-79.364456,8,CXON,358.9,7.5,FALSE,FALSE,FALSE,FALSE,38.2,-79.4,177.5,2.5,,822.4,38.225384,-79.364456
1083,0:13:27,254,F,LAUNCH_PAD,0.6,37.6,92.4,4,-0.1,0.9,0.1,-0.1,9.8,-0.3,-0.3,17:36:37,822.2,38.225384,-79.364464,8,CXON,358.8,7.5,FALSE,FALSE,FALSE,FALSE,38.2,-79.4,177.5,2.5,,822.2,38.225384,-79.364464
1083,0:13:28,255,F,LAUNCH_PAD,0.8,37.6,92.4,4,-0.1,-0.1,-0.1,-0.1,9.9,-0.3,-0.4,17:36:38,822,38.225376,-79.364464,8,CXON,358.6,7.5,FALSE,FALSE,FALSE,FALSE,38.2,-79.4,177.5,2.5,,822,38.225376,-79.364464
1083,0:13:29,256,F,LAUNCH_PAD,0.8,37.6,92.4,4,-0.1,0,0.4,0,9.9,-0.2,-0.3,17:36:39,821.8,38.225368,-79.364471,8,CXON,358.4,7.5,FALSE,FALSE,FALSE,FALSE,38.2,-79.4,177.6,2.4,,821.8,38.225368,-79.364471
1083,0:13:30,257,F,LAUNCH_PAD,0.5,37.6,92.4,4,-0.1,0.2,0,-0.2,9.8,-0.2,-0.3,17:36:40,821.6,38.225365,-79.364471,8,CXON,358.2,7.5,FALSE,FALSE,FALSE,FALSE,38.2,-79.4,177.6,2.4,,821.6,38.225365,-79.364471
1083,0:13:31,258,F,LAUNCH_PAD,1,37.6,92.4,4,-0.1,0,-0.1,0,9.8,-0.2,-0.3,17:36:41,821.5,38.225361,-79.364471,8,CXON,358.2,7.5,FALSE,FALSE,FALSE,FALSE,38.2,-79.4,177.6,2.4,,821.5,38.225361,-79.364471
1083,0:13:32,259,F,LAUNCH_PAD,0.7,37.7,92.4,4,-0.1,0.2,0.2,0.1,9.8,-0.2,-0.3,17:36:42,821.5,38.225361,-79.364471,8,CXON,358.2,7.5,FALSE,FALSE,FALSE,FALSE,38.2,-79.4,177.6,2.4,,821.5,38.225361,-79.364471
1083,0:13:33,260,F,LAUNCH_PAD,0.2,37.6,92.4,4,-0.1,-0.4,0.2,0.1,9.8,-0.2,-0.3,17:36:43,821.5,38.225365,-79.364471,8,CXON,358.2,7.5,FALSE,FALSE,FALSE,FALSE,38.2,-79.4,177.6,2.4,,821.5,38.225365,-79.364471
1083,0:13:34,261,F,LAUNCH_PAD,0.4,37.7,92.4,4,-0.1,-0.4,0.1,-0.2,9.9,-0.3,-0.4,17:36:44,821.5,38.225361,-79.364471,7,CXON,358.2,7.5,FALSE,FALSE,FALSE,FALSE,38.2,-79.4,177.6,2.4,,821.5,38.225361,-79.364471
1083,0:13:35,262,F,LAUNCH_PAD,1.2,37.6,92.4,4,-0.1,-0.6,-0.1,0.1,9.9,-0.2,-0.3,17:36:45,821.5,38.225357,-79.364471,7,CXON,357.9,7.5,FALSE,FALSE,FALSE,FALSE,38.2,-79.4,177.5,2.5,,821.5,38.225357,-79.364471
1083,0:13:36,263,F,LAUNCH_PAD,-0.1,37.6,92.4,4,-0.1,0.6,0,-0.1,9.8,-0.3,-0.4,17:36:46,821.5,38.225353,-79.364479,7,CXON,357.8,7.5,FALSE,FALSE,FALSE,FALSE,38.2,-79.4,177.5,2.5,,821.5,38.225353,-79.364479
1083,0:13:37,264,F,LAUNCH_PAD,0.6,37.6,92.4,4,-0.1,0.1,0.2,-0.2,9.9,-0.2,-0.3,17:36:47,821.5,38.225361,-79.364471,7,CXON,357.5,7.5,FALSE,FALSE,FALSE,FALSE,38.2,-79.4,177.5,2.5,,821.5,38.225361,-79.364471
1083,0:13:38,265,F,LAUNCH_PAD,1.1,37.6,92.4,4,-0.1,-1.1,0.1,-0.1,9.8,-0.3,-0.3,17:36:48,821.5,38.225361,-79.364479,7,CXON,357.2,7.5,FALSE,FALSE,FALSE,FALSE,38.2,-79.4,177.5,2.5,,821.5,38.225361,-79.364479
1083,0:13:39,266,F,LAUNCH_PAD,0.5,37.6,92.4,4,-0.1,0.4,0.1,-0.2,9.9,-0.2,-0.3,17:36:49,821.5,38.225361,-79.364471,7,CXON,356.9,7.5,FALSE,FALSE,FALSE,FALSE,38.2,-79.4,177.5,2.5,,821.5,38.225361,-79.364471
1083,0:13:40,267,F,LAUNCH_PAD,0.3,37.6,92.4,4,-0.1,1.9,0.1,-0.2,9.8,-0.2,-0.4,17:36:50,821.5,38.225365,-79.364471,7,CXON,356.7,7.5,FALSE,FALSE,FALSE,FALSE,38.2,-79.4,177.5,2.5,,821.5,38.225365,-79.364471
1083,0:13:41,268,F,LAUNCH_PAD,0.4,37.6,92.4,4,-0.1,2.2,0.1,-0.3,9.8,-0.2,-0.4,17:36:51,821.4,38.225365,-79.364479,7,CXON,356.3,7.5,FALSE,FALSE,FALSE,FALSE,38.2,-79.4,177.6,2.4,,821.4,38.225365,-79.364479
1083,0:13:42,269,F,LAUNCH_PAD,1.1,37.6,92.4,4,-0.1,0.9,0.1,0,9.8,-0.3,-0.3,17:36:52,821.2,38.225368,-79.364479,7,CXON,356.1,7.5,FALSE,FALSE,FALSE,FALSE,38.2,-79.4,177.6,2.4,,821.2,38.225368,-79.364479
1083,0:13:43,270,F,LAUNCH_PAD,0.9,37.6,92.4,4,-0.1,3.9,0,0.1,9.9,-0.2,-0.3,17:36:53,821,38.225365,-79.364471,7,CXON,355.6,7.5,FALSE,FALSE,FALSE,FALSE,38.2,-79.4,177.5,2.5,,821,38.225365,-79.364471
1083,0:13:44,271,F,LAUNCH_PAD,0.6,37.6,92.4,4,-0.1,-0.1,0,-0.1,9.9,-0.3,-0.3,17:36:54,821,38.225368,-79.364471,7,CXON,355.8,7.5,FALSE,FALSE,FALSE,FALSE,38.2,-79.4,177.5,2.5,,821,38.225368,-79.364471
1083,0:13:45,272,F,LAUNCH_PAD,1.3,37.7,92.4,4,-0.1,1.1,0.1,0.3,9.9,-0.3,-0.3,17:36:55,820.9,38.225368,-79.364471,7,CXON,355.2,7.5,FALSE,FALSE,FALSE,FALSE,38.2,-79.4,177.5,2.5,,820.9,38.225368,-79.364471
1083,0:13:46,273,F,LAUNCH_PAD,1,37.7,92.4,4,-0.1,0.2,0.1,-0.2,9.9,-0.3,-0.3,17:36:56,820.9,38.220001,-79.364471,7,CXON,354.9,7.5,FALSE,FALSE,FALSE,FALSE,38.2,-79.4,177.5,2.5,,,,
1083,0:13:47,274,F,LAUNCH_PAD,1.2,37.7,92.4,4,-0.1,0.6,-0.1,-0.1,9.9,-0.2,-0.3,17:36:57,820.8,38.225368,-79.364471,7,CXON,354.7,7.5,FALSE,FALSE,FALSE,FALSE,38.2,-79.4,177.5,2.5,,820.8,38.225368,-79.364471
1083,0:13:48,275,F,LAUNCH_PAD,1.2,37.7,92.4,4,-0.1,-0.1,-0.2,0.1,9.9,-0.3,-0.3,17:36:58,820.8,38.225368,-79.364471,7,CXON,354.6,7.5,FALSE,FALSE,FALSE,FALSE,38.2,-79.4,177.5,2.5,,820.8,38.225368,-79.364471
1083,0:13:49,276,F,LAUNCH_PAD,0.8,37.7,92.4,4,-0.1,0.1,0.2,0.4,9.9,-0.3,-0.3,17:36:59,820.7,38.225368,-79.364471,8,CXON,354.6,7.5,FALSE,FALSE,FALSE,FALSE,38.2,-79.4,177.5,2.5,,820.7,38.225368,-79.364471
1083,0:13:50,277,F,LAUNCH_PAD,-0.3,37.7,92.4,4,-0.1,0.1,0.2,-0.1,9.8,-0.2,-0.3,17:37:00,820.6,38.225372,-79.364471,8,CXON,354.4,7.5,FALSE,FALSE,FALSE,FALSE,38.2,-79.4,177.5,2.5,,820.6,38.225372,-79.364471
1083,0:13:51,278,F,LAUNCH_PAD,0.4,37.8,92.4,4,-0.1,-0.2,0,0.2,9.8,-0.3,-0.3,17:37:01,820.5,38.225372,-79.364471,8,CXON,354.4,7.5,FALSE,FALSE,FALSE,FALSE,38.2,-79.4,177.5,2.5,,820.5,38.225372,-79.364471
1083,0:13:52,279,F,LAUNCH_PAD,0.9,37.8,92.4,4,-0.1,0.4,0.1,0.2,9.9,-0.3,-0.4,17:37:02,820.4,38.225372,-79.364471,8,CXON,354.5,7.5,FALSE,FALSE,FALSE,FALSE,38.2,-79.4,177.5,2.5,,820.4,38.225372,-79.364471
1083,0:13:53,280,F,LAUNCH_PAD,1,37.8,92.4,4,-0.1,-0.9,0.3,0.1,9.9,-0.3,-0.3,17:37:03,820.4,38.225372,-79.364471,8,CXON,354.4,7.5,FALSE,FALSE,FALSE,FALSE,38.2,-79.4,177.5,2.5,,820.4,38.225372,-79.364471
